run_id,finding_id,car_id,car_chassis,car_display_name,car_slug,subcategory_id,subcategory_code,subcategory_name,realoem_diagram_id,realoem_diagram_url,realoem_part_count,our_part_count,parts_backfilled,status,inserted_part_numbers,created_at
36,53657,875,E90N,E90N 316d N47,e90n-316d-n47-51866,1220638,01_0029,"SUPPLEM. TO OWNER'S MANUAL, AUSTRALIA",01_0029,https://www.realoem.com/bmw/enUS/showparts?id=PR31-EUR-06-2009-E90N-BMW-316d&diagId=01_0029,0,0,0,parser_drift,,2026-05-02T07:12:12.294Z
36,53658,875,E90N,E90N 316d N47,e90n-316d-n47-51866,1220642,01_0657,SUPPL. OWNER'S MANUAL OFFICIALS UTILITY,01_0657,https://www.realoem.com/bmw/enUS/showparts?id=PR31-EUR-06-2009-E90N-BMW-316d&diagId=01_0657,1,0,1,backfilled,01492601458,2026-05-02T07:12:18.023Z
36,53659,875,E90N,E90N 316d N47,e90n-316d-n47-51866,1220641,01_0656,"SUPPLEMENT TO OWNER'S MANUAL, POLICE",01_0656,https://www.realoem.com/bmw/enUS/showparts?id=PR31-EUR-06-2009-E90N-BMW-316d&diagId=01_0656,1,0,1,backfilled,01492601457,2026-05-02T07:12:27.417Z
36,53660,875,E90N,E90N 316d N47,e90n-316d-n47-51866,1220643,01_0691,"OWNER'S MANUAL E90, E91 W/O IDRIVE",01_0691,https://www.realoem.com/bmw/enUS/showparts?id=PR31-EUR-06-2009-E90N-BMW-316d&diagId=01_0691,0,0,0,parser_drift,01492603671|01492603672,2026-05-02T07:12:29.658Z
36,53661,875,E90N,E90N 316d N47,e90n-316d-n47-51866,1220643,01_0691,"OWNER'S MANUAL E90, E91 W/O IDRIVE",01_0692,https://www.realoem.com/bmw/enUS/showparts?id=PR31-EUR-06-2009-E90N-BMW-316d&diagId=01_0692,2,0,2,backfilled,01492603671|01492603672,2026-05-02T07:12:35.218Z
36,53662,875,E90N,E90N 316d N47,e90n-316d-n47-51866,1220644,01_0733,"BRIEF INSTRUCTIONS E90, E91, E92, E93",01_0733,https://www.realoem.com/bmw/enUS/showparts?id=PR31-EUR-06-2009-E90N-BMW-316d&diagId=01_0733,0,0,0,parser_drift,,2026-05-02T07:12:38.817Z
36,53663,875,E90N,E90N 316d N47,e90n-316d-n47-51866,1220639,01_0302,UNIVERSAL BMW MOBILE PHONE PREPARAT.,01_0302,https://www.realoem.com/bmw/enUS/showparts?id=PR31-EUR-06-2009-E90N-BMW-316d&diagId=01_0302,27,0,27,backfilled,01402601048|01402601034|01412601049|01412601035|01422601050|01422601036|01432601051|01432601037|01442601052|01442601038|01452601053|01452601039|01462601054|01462601040|01472601055|01472601041|01482601056|01482601042|01492601057|01492601059|01492601045|01492601058|01492601044|01492601061|01492601047|01492601060|01492601046,2026-05-02T07:12:40.818Z
36,53664,875,E90N,E90N 316d N47,e90n-316d-n47-51866,1220640,01_0606,"RADIO E81,E82,E87,E88, E90,E91,E92,E93",01_0606,https://www.realoem.com/bmw/enUS/showparts?id=PR31-EUR-06-2009-E90N-BMW-316d&diagId=01_0606,30,0,30,backfilled,01400014381|01400014406|01410014382|01410014407|01420014383|01420014408|01430014384|01430014409|01430011730|01440014385|01440014410|01450014386|01450014411|01460014387|01460014412|01470014388|01470014413|01480014389|01480014414|01490014390|01490014415|01490014392|01490014417|01490014391|01490014416|01490014418|01492600658|01492600664|01492600657|01492600663,2026-05-02T07:12:43.718Z
36,53665,875,E90N,E90N 316d N47,e90n-316d-n47-51866,1220645,01_0743,BMW SERVICE MANUAL 2008 - 2011,01_0743,https://www.realoem.com/bmw/enUS/showparts?id=PR31-EUR-06-2009-E90N-BMW-316d&diagId=01_0743,1,0,1,backfilled,01492602175,2026-05-02T07:12:44.904Z
36,53666,875,E90N,E90N 316d N47,e90n-316d-n47-51866,1220646,01_0756,MIRROR PLACARD,01_0756,https://www.realoem.com/bmw/enUS/showparts?id=PR31-EUR-06-2009-E90N-BMW-316d&diagId=01_0756,2,0,2,backfilled,01400014423|01410014424,2026-05-02T07:12:44.942Z
36,53667,875,E90N,E90N 316d N47,e90n-316d-n47-51866,1220647,01_1139,BMW SERVICE MANUAL FROM MODEL YEAR 2012,01_1139,https://www.realoem.com/bmw/enUS/showparts?id=PR31-EUR-06-2009-E90N-BMW-316d&diagId=01_1139,0,0,0,parser_drift,,2026-05-02T07:12:49.017Z
36,53668,875,E90N,E90N 316d N47,e90n-316d-n47-51866,1220648,01_1304,LOGBOOK SLIPCASE BMW,01_1304,https://www.realoem.com/bmw/enUS/showparts?id=PR31-EUR-06-2009-E90N-BMW-316d&diagId=01_1304,1,0,1,backfilled,51927896863|01402608700|01492359744,2026-05-02T07:12:52.117Z
36,53669,875,E90N,E90N 316d N47,e90n-316d-n47-51866,1220649,01_1329,"VEHICLE DOCUMENT SLIPCASE, BMW, EMBOSSED",01_1329,https://www.realoem.com/bmw/enUS/showparts?id=PR31-EUR-06-2009-E90N-BMW-316d&diagId=01_1329,1,0,1,backfilled,01492359744,2026-05-02T07:12:53.317Z
36,53670,875,E90N,E90N 316d N47,e90n-316d-n47-51866,1220648,01_1304,LOGBOOK SLIPCASE BMW,01_1471,https://www.realoem.com/bmw/enUS/showparts?id=PR31-EUR-06-2009-E90N-BMW-316d&diagId=01_1471,1,1,1,backfilled,51927896863|01402608700|01492359744,2026-05-02T07:12:54.420Z
36,53671,875,E90N,E90N 316d N47,e90n-316d-n47-51866,1220650,01_1080,"FLYER, LICENSE TEXTS FOR BMW",01_1080,https://www.realoem.com/bmw/enUS/showparts?id=PR31-EUR-06-2009-E90N-BMW-316d&diagId=01_1080,0,0,0,parser_drift,,2026-05-02T07:13:01.118Z
36,53672,875,E90N,E90N 316d N47,e90n-316d-n47-51866,1220648,01_1304,LOGBOOK SLIPCASE BMW,01_1549,https://www.realoem.com/bmw/enUS/showparts?id=PR31-EUR-06-2009-E90N-BMW-316d&diagId=01_1549,1,2,1,backfilled,51927896863|01402608700|01492359744,2026-05-02T07:13:03.333Z
36,53673,875,E90N,E90N 316d N47,e90n-316d-n47-51866,1220652,01_0639,LABELS BMW,01_0639,https://www.realoem.com/bmw/enUS/showparts?id=PR31-EUR-06-2009-E90N-BMW-316d&diagId=01_0639,3,0,3,backfilled,01309599190|01490390517|01309099980,2026-05-02T07:13:04.332Z
36,53674,875,E90N,E90N 316d N47,e90n-316d-n47-51866,1220654,01_0875,"SAMPLE CHART, UPHOLSTERY COLORS, LEATHER",01_0875,https://www.realoem.com/bmw/enUS/showparts?id=PR31-EUR-06-2009-E90N-BMW-316d&diagId=01_0875,1,0,1,backfilled,51138888888,2026-05-02T07:13:10.822Z
36,53675,875,E90N,E90N 316d N47,e90n-316d-n47-51866,1220655,01_0876,"SAMPLE PAGE, UPHOLSTERY COLORS, FABRIC",01_0876,https://www.realoem.com/bmw/enUS/showparts?id=PR31-EUR-06-2009-E90N-BMW-316d&diagId=01_0876,1,0,1,backfilled,51138888888,2026-05-02T07:13:14.018Z
36,53676,875,E90N,E90N 316d N47,e90n-316d-n47-51866,1220653,01_0670,BATTERY CHARGE CALENDAR,01_0670,https://www.realoem.com/bmw/enUS/showparts?id=PR31-EUR-06-2009-E90N-BMW-316d&diagId=01_0670,6,0,6,backfilled,01899781424|01899781425|01899781426|01899781427|01899781428|01899781429,2026-05-02T07:13:15.818Z
36,53677,875,E90N,E90N 316d N47,e90n-316d-n47-51866,1220651,01_1128,EC CERTIFICATE OF CONFORMITY,01_1128,https://www.realoem.com/bmw/enUS/showparts?id=PR31-EUR-06-2009-E90N-BMW-316d&diagId=01_1128,22,0,22,backfilled,01990038393|01990038494|01990038495|01990038496|01990038497|01990038498|01990038499|01990038501|01990038502|01990038917|01990038918|01990038919|01990038920|01990038921|01990038922|01990038923|01990038924|01990038925|01990038926|01990038927|01990038928|01990038929,2026-05-02T07:13:17.818Z
36,53678,875,E90N,E90N 316d N47,e90n-316d-n47-51866,1220656,01_0877,SAMPLE CHART WITH INTERIOR MOLDINGS,01_0877,https://www.realoem.com/bmw/enUS/showparts?id=PR31-EUR-06-2009-E90N-BMW-316d&diagId=01_0877,1,0,1,backfilled,51138888888,2026-05-02T07:13:21.018Z
36,53679,875,E90N,E90N 316d N47,e90n-316d-n47-51866,1220656,01_0877,SAMPLE CHART WITH INTERIOR MOLDINGS,01_0878,https://www.realoem.com/bmw/enUS/showparts?id=PR31-EUR-06-2009-E90N-BMW-316d&diagId=01_0878,0,0,0,parser_drift,51138888888,2026-05-02T07:13:22.418Z
36,53680,875,E90N,E90N 316d N47,e90n-316d-n47-51866,1220656,01_0877,SAMPLE CHART WITH INTERIOR MOLDINGS,01_0879,https://www.realoem.com/bmw/enUS/showparts?id=PR31-EUR-06-2009-E90N-BMW-316d&diagId=01_0879,1,1,0,clean,51138888888,2026-05-02T07:13:23.517Z
36,53681,875,E90N,E90N 316d N47,e90n-316d-n47-51866,1220659,03_0082,"RETROFIT, SERVOTRONIC",03_0082,https://www.realoem.com/bmw/enUS/showparts?id=PR31-EUR-06-2009-E90N-BMW-316d&diagId=03_0082,1,0,1,backfilled,32102159383|32106796480,2026-05-02T07:13:33.819Z
36,53682,875,E90N,E90N 316d N47,e90n-316d-n47-51866,1220660,03_1310,RETROFIT DAB+,03_1310,https://www.realoem.com/bmw/enUS/showparts?id=PR31-EUR-06-2009-E90N-BMW-316d&diagId=03_1310,2,0,2,backfilled,65502310288|65129244112,2026-05-02T07:13:39.092Z
36,53683,875,E90N,E90N 316d N47,e90n-316d-n47-51866,1220657,02_0091,ENGINE OIL / MAINTENANCE SERVICE,02_0091,https://www.realoem.com/bmw/enUS/showparts?id=PR31-EUR-06-2009-E90N-BMW-316d&diagId=02_0091,17,0,17,backfilled,11427807177|13327793672|13717797465|64316803970|64319313519|64319313517|88002288318|83132405979|83132184843|83192211191|83512355290|83192218347|83192211914|83122452028|83122298203|83290429576|81229400272,2026-05-02T07:13:39.182Z
36,53684,875,E90N,E90N 316d N47,e90n-316d-n47-51866,1220658,02_0023,BRAKE SERVICE,02_0023,https://www.realoem.com/bmw/enUS/showparts?id=PR31-EUR-06-2009-E90N-BMW-316d&diagId=02_0023,18,0,18,backfilled,34116854998|34211161806|34116777772|34356789439|34116776526|34112288856|34106864424|34216855002|34216788183|34356789445|34212288889|34416761291|34410410823|34416851439|34416851438|34212213310|34203414763|83192158851,2026-05-02T07:13:42.717Z
36,53685,875,E90N,E90N 316d N47,e90n-316d-n47-51866,1220661,03_0058,MUFFLER SYSTEM,03_0058,https://www.realoem.com/bmw/enUS/showparts?id=PR31-EUR-06-2009-E90N-BMW-316d&diagId=03_0058,5,0,5,backfilled,18302185802|18207526850|51217062145|18208511880|18307793025,2026-05-02T07:13:48.017Z
36,53686,875,E90N,E90N 316d N47,e90n-316d-n47-51866,1220661,03_0058,MUFFLER SYSTEM,03_0060,https://www.realoem.com/bmw/enUS/showparts?id=PR31-EUR-06-2009-E90N-BMW-316d&diagId=03_0060,2,5,0,clean,18302185802|18207526850|51217062145|18208511880|18307793025,2026-05-02T07:13:48.118Z
36,53687,875,E90N,E90N 316d N47,e90n-316d-n47-51866,1220662,03_0085,PERFORMANCE STEERING WHEEL,03_0085,https://www.realoem.com/bmw/enUS/showparts?id=PR31-EUR-06-2009-E90N-BMW-316d&diagId=03_0085,4,0,4,backfilled,32302157307|32300430403|32300430402|32302157308|32300443170|32302165395|32300445258|32302165396,2026-05-02T07:13:51.917Z
36,53688,875,E90N,E90N 316d N47,e90n-316d-n47-51866,1220662,03_0085,PERFORMANCE STEERING WHEEL,03_0086,https://www.realoem.com/bmw/enUS/showparts?id=PR31-EUR-06-2009-E90N-BMW-316d&diagId=03_0086,3,4,0,clean,32302157307|32300430403|32300430402|32302157308|32300443170|32302165395|32300445258|32302165396,2026-05-02T07:13:55.217Z
36,53689,875,E90N,E90N 316d N47,e90n-316d-n47-51866,1220663,03_0112,SET OF BMW PERFORMANCE BRAKES FRONT/REAR,03_0112,https://www.realoem.com/bmw/enUS/showparts?id=PR31-EUR-06-2009-E90N-BMW-316d&diagId=03_0112,1,0,1,backfilled,34110444771,2026-05-02T07:13:56.618Z
36,53690,875,E90N,E90N 316d N47,e90n-316d-n47-51866,1220664,03_0113,BMW PERFORMANCE FRONT WHEEL BRAKE,03_0113,https://www.realoem.com/bmw/enUS/showparts?id=PR31-EUR-06-2009-E90N-BMW-316d&diagId=03_0113,7,0,7,backfilled,34216768697|34216768698|34216768696|34203414763|34111153198|34116758107|34111157041|34111154979|34111157038|34211157046|34116763995|34216774692|34356789445|83192158851|34216764651|34216762858|34216792240|34216762857|34216792239|07119904511|34211164044|34356789440|34356779356|34116786392|34211161806|34106780216|34116780215|34116868785|51112147187|51112147185|51112147188|51117146646|51112147186|51112147264|51112147265|51112147222|51117892935|51112150361|51112150364|51112147206|51742147268|51742147269|51118047458,2026-05-02T07:14:04.617Z
36,53691,875,E90N,E90N 316d N47,e90n-316d-n47-51866,1220665,03_0123,BMW PERFORMANCE PARKING BRAKE HANDLE,03_0123,https://www.realoem.com/bmw/enUS/showparts?id=PR31-EUR-06-2009-E90N-BMW-316d&diagId=03_0123,1,0,1,backfilled,34402153755,2026-05-02T07:14:06.117Z
36,53692,875,E90N,E90N 316d N47,e90n-316d-n47-51866,1220666,03_0125,BMW PERFORMANCE ALU PEDAL PLATES,03_0125,https://www.realoem.com/bmw/enUS/showparts?id=PR31-EUR-06-2009-E90N-BMW-316d&diagId=03_0125,2,0,2,backfilled,35002213213|35002213212,2026-05-02T07:14:11.518Z
36,53693,875,E90N,E90N 316d N47,e90n-316d-n47-51866,1220668,03_0130,"BMW PERFORMANCE STRUT TOWER BRACE, ALU",03_0130,https://www.realoem.com/bmw/enUS/showparts?id=PR31-EUR-06-2009-E90N-BMW-316d&diagId=03_0130,1,0,1,backfilled,51710406937,2026-05-02T07:14:16.517Z
36,53694,875,E90N,E90N 316d N47,e90n-316d-n47-51866,1220664,03_0113,BMW PERFORMANCE FRONT WHEEL BRAKE,03_0117,https://www.realoem.com/bmw/enUS/showparts?id=PR31-EUR-06-2009-E90N-BMW-316d&diagId=03_0117,22,4,21,backfilled,34216768697|34216768698|34216768696|34203414763|34111153198|34116758107|34111157041|34111154979|34111157038|34211157046|34116763995|34216774692|34356789445|83192158851|34216764651|34216762858|34216792240|34216762857|34216792239|07119904511|34211164044|34356789440|34356779356|34116786392|34211161806|34106780216|34116780215|34116868785|51112147187|51112147185|51112147188|51117146646|51112147186|51112147264|51112147265|51112147222|51117892935|51112150361|51112150364|51112147206|51742147268|51742147269|51118047458,2026-05-02T07:14:16.517Z
36,53695,875,E90N,E90N 316d N47,e90n-316d-n47-51866,1220667,03_0129,BMW PERFORMANCE ALUMINUM FOOTREST,03_0129,https://www.realoem.com/bmw/enUS/showparts?id=PR31-EUR-06-2009-E90N-BMW-316d&diagId=03_0129,1,0,1,backfilled,51470027792,2026-05-02T07:14:17.818Z
36,53696,875,E90N,E90N 316d N47,e90n-316d-n47-51866,1220669,03_0132,BMW PERFORMANCE INTERIOR MOLDINGS CARBON,03_0132,https://www.realoem.com/bmw/enUS/showparts?id=PR31-EUR-06-2009-E90N-BMW-316d&diagId=03_0132,9,0,9,backfilled,51410416202|51410416203|51420416204|51420416205|51457146752|51458266813|51457152442|07149158194|51166952674,2026-05-02T07:14:23.218Z
36,53697,875,E90N,E90N 316d N47,e90n-316d-n47-51866,1220670,03_0137,BMW PERFORMANCE SIDE STRIPES,03_0137,https://www.realoem.com/bmw/enUS/showparts?id=PR31-EUR-06-2009-E90N-BMW-316d&diagId=03_0137,1,0,1,backfilled,51140442630,2026-05-02T07:14:23.818Z
36,53698,875,E90N,E90N 316d N47,e90n-316d-n47-51866,1220671,03_0134,BMW PERFORMANCE ACCESSORIES,03_0134,https://www.realoem.com/bmw/enUS/showparts?id=PR31-EUR-06-2009-E90N-BMW-316d&diagId=03_0134,4,0,4,backfilled,51710411575|51710396344|51710398730|82699408866|51192149512|51192149514|51192149529|51192149531|51192154305|51192154307|51192149513|51192149515|51192149530|51192149532|51192154306|51192154308|51192149517|51192149537|51192154314|51192149518|51192149538|51192154315|51717070141|51192149519|51192149539|51192154316|51192149509|51192149510|51712146911|51712146912|51162146651|51162146652|51192153917|51192153919|51192154324|51122147973|51712147114,2026-05-02T07:14:39.514Z
36,53699,875,E90N,E90N 316d N47,e90n-316d-n47-51866,1220672,03_0146,"BMW PERFORMANCE AERODYNAMICS, REAR",03_0146,https://www.realoem.com/bmw/enUS/showparts?id=PR31-EUR-06-2009-E90N-BMW-316d&diagId=03_0146,11,0,11,backfilled,51772147271|51127906501|51128041139|51772147274|51122147478|51772147273|51128040152|51772147276|51777166871|51122148725|51777166872|51122148726|51127906505|51127906506|07119901299|07146951655|51128041134|51777166873|51777166874|51777166875|51777166876|51777891250|07147127540|51161881149|07147122912|07147122913,2026-05-02T07:14:54.818Z
36,53700,875,E90N,E90N 316d N47,e90n-316d-n47-51866,1220672,03_0146,"BMW PERFORMANCE AERODYNAMICS, REAR",03_0147,https://www.realoem.com/bmw/enUS/showparts?id=PR31-EUR-06-2009-E90N-BMW-316d&diagId=03_0147,15,0,15,backfilled,51772147271|51127906501|51128041139|51772147274|51122147478|51772147273|51128040152|51772147276|51777166871|51122148725|51777166872|51122148726|51127906505|51127906506|07119901299|07146951655|51128041134|51777166873|51777166874|51777166875|51777166876|51777891250|07147127540|51161881149|07147122912|07147122913,2026-05-02T07:14:57.418Z
36,53701,875,E90N,E90N 316d N47,e90n-316d-n47-51866,1220671,03_0134,BMW PERFORMANCE ACCESSORIES,03_0144,https://www.realoem.com/bmw/enUS/showparts?id=PR31-EUR-06-2009-E90N-BMW-316d&diagId=03_0144,33,4,33,backfilled,51710411575|51710396344|51710398730|82699408866|51192149512|51192149514|51192149529|51192149531|51192154305|51192154307|51192149513|51192149515|51192149530|51192149532|51192154306|51192154308|51192149517|51192149537|51192154314|51192149518|51192149538|51192154315|51717070141|51192149519|51192149539|51192154316|51192149509|51192149510|51712146911|51712146912|51162146651|51162146652|51192153917|51192153919|51192154324|51122147973|51712147114,2026-05-02T07:15:08.618Z
36,53702,875,E90N,E90N 316d N47,e90n-316d-n47-51866,1220664,03_0113,BMW PERFORMANCE FRONT WHEEL BRAKE,03_0145,https://www.realoem.com/bmw/enUS/showparts?id=PR31-EUR-06-2009-E90N-BMW-316d&diagId=03_0145,15,28,15,backfilled,34216768697|34216768698|34216768696|34203414763|34111153198|34116758107|34111157041|34111154979|34111157038|34211157046|34116763995|34216774692|34356789445|83192158851|34216764651|34216762858|34216792240|34216762857|34216792239|07119904511|34211164044|34356789440|34356779356|34116786392|34211161806|34106780216|34116780215|34116868785|51112147187|51112147185|51112147188|51117146646|51112147186|51112147264|51112147265|51112147222|51117892935|51112150361|51112150364|51112147206|51742147268|51742147269|51118047458,2026-05-02T07:15:09.217Z
36,53703,875,E90N,E90N 316d N47,e90n-316d-n47-51866,1220662,03_0085,PERFORMANCE STEERING WHEEL,03_0401,https://www.realoem.com/bmw/enUS/showparts?id=PR31-EUR-06-2009-E90N-BMW-316d&diagId=03_0401,6,4,4,backfilled,32302157307|32300430403|32300430402|32302157308|32300443170|32302165395|32300445258|32302165396,2026-05-02T07:15:12.817Z
36,53704,875,E90N,E90N 316d N47,e90n-316d-n47-51866,1220673,03_0150,BMW PERFORMANCE DOOR SILL MOLDINGS,03_0150,https://www.realoem.com/bmw/enUS/showparts?id=PR31-EUR-06-2009-E90N-BMW-316d&diagId=03_0150,6,0,6,backfilled,51472151841|51472151843|51472151842|51472151845|51472151844|51472150905,2026-05-02T07:15:13.517Z
36,53705,875,E90N,E90N 316d N47,e90n-316d-n47-51866,1220674,03_2828,BMW PERFORMANCE SELECTOR LEVER HANDLE,03_2828,https://www.realoem.com/bmw/enUS/showparts?id=PR31-EUR-06-2009-E90N-BMW-316d&diagId=03_2828,2,0,2,backfilled,25162153758|25162153761,2026-05-02T07:15:15.837Z
36,53706,875,E90N,E90N 316d N47,e90n-316d-n47-51866,1220662,03_0085,PERFORMANCE STEERING WHEEL,03_0402,https://www.realoem.com/bmw/enUS/showparts?id=PR31-EUR-06-2009-E90N-BMW-316d&diagId=03_0402,4,8,0,clean,32302157307|32300430403|32300430402|32302157308|32300443170|32302165395|32300445258|32302165396,2026-05-02T07:15:16.518Z
36,53707,875,E90N,E90N 316d N47,e90n-316d-n47-51866,1220675,03_2979,DRIVE ANALYSER,03_2979,https://www.realoem.com/bmw/enUS/showparts?id=PR31-EUR-06-2009-E90N-BMW-316d&diagId=03_2979,3,0,3,backfilled,61432450841|61432365115|61432365116,2026-05-02T07:15:22.017Z
36,53708,875,E90N,E90N 316d N47,e90n-316d-n47-51866,1220676,03_3972,BMW ACTION-CAM BRACKET,03_4094,https://www.realoem.com/bmw/enUS/showparts?id=PR31-EUR-06-2009-E90N-BMW-316d&diagId=03_4094,1,2,0,clean,51952409093|51952405468|51952183852,2026-05-02T07:15:24.919Z
36,53709,875,E90N,E90N 316d N47,e90n-316d-n47-51866,1220676,03_3972,BMW ACTION-CAM BRACKET,03_3972,https://www.realoem.com/bmw/enUS/showparts?id=PR31-EUR-06-2009-E90N-BMW-316d&diagId=03_3972,3,0,3,backfilled,51952409093|51952405468|51952183852,2026-05-02T07:15:25.118Z
36,53710,875,E90N,E90N 316d N47,e90n-316d-n47-51866,1220677,03_4898,M PERFORMANCE EXTERIOR MIRROR FLAPS,03_4898,https://www.realoem.com/bmw/enUS/showparts?id=PR31-EUR-06-2009-E90N-BMW-316d&diagId=03_4898,2,0,2,backfilled,51162146651|51162146652,2026-05-02T07:15:31.617Z
36,53711,875,E90N,E90N 316d N47,e90n-316d-n47-51866,1220678,03_0639,RETROFIT TRIM GRILL,03_0639,https://www.realoem.com/bmw/enUS/showparts?id=PR31-EUR-06-2009-E90N-BMW-316d&diagId=03_0639,6,0,6,backfilled,51137201967|51137201968|51137201969|51137201970|51712146911|51712146912,2026-05-02T07:15:33.881Z
36,53712,875,E90N,E90N 316d N47,e90n-316d-n47-51866,1220680,03_0837,"RETROFIT, CHROME LINE EXTERIEUR",03_0837,https://www.realoem.com/bmw/enUS/showparts?id=PR31-EUR-06-2009-E90N-BMW-316d&diagId=03_0837,1,0,1,backfilled,51952150309,2026-05-02T07:15:39.561Z
36,53713,875,E90N,E90N 316d N47,e90n-316d-n47-51866,1220681,03_1406,LOAD EDGE PROTECTOR,03_1406,https://www.realoem.com/bmw/enUS/showparts?id=PR31-EUR-06-2009-E90N-BMW-316d&diagId=03_1406,2,0,2,backfilled,51912152298|51912410645,2026-05-02T07:15:39.586Z
36,53714,875,E90N,E90N 316d N47,e90n-316d-n47-51866,1220679,03_0788,RETROFIT KIT M AERODYN. PACKAGE,03_0788,https://www.realoem.com/bmw/enUS/showparts?id=PR31-EUR-06-2009-E90N-BMW-316d&diagId=03_0788,19,0,19,backfilled,51952147160|51747891379|51747891380|51717070141|51717892801|51717892802|51127892139|51952147194|51952147163|51952147197|51952147162|51952147196|51952147161|51952147195|51952147164|51952147198|51952147165|51952147199|51117891529,2026-05-02T07:15:45.217Z
36,53715,875,E90N,E90N 316d N47,e90n-316d-n47-51866,1220682,03_1505,PROTECTIVE FILMS,03_1505,https://www.realoem.com/bmw/enUS/showparts?id=PR31-EUR-06-2009-E90N-BMW-316d&diagId=03_1505,2,0,2,backfilled,51912152298|51912410645,2026-05-02T07:15:45.317Z
36,53716,875,E90N,E90N 316d N47,e90n-316d-n47-51866,1220684,03_1844,RETROFIT: HEATING OUTSIDE MIRROR,03_1844,https://www.realoem.com/bmw/enUS/showparts?id=PR31-EUR-06-2009-E90N-BMW-316d&diagId=03_1844,1,0,1,backfilled,51950447910,2026-05-02T07:15:50.240Z
36,53717,875,E90N,E90N 316d N47,e90n-316d-n47-51866,1220685,03_2007,PARK DISTANCE CONTROL UNIVERSALE SONORO,03_2007,https://www.realoem.com/bmw/enUS/showparts?id=PR31-EUR-06-2009-E90N-BMW-316d&diagId=03_2007,1,0,1,backfilled,99990418712,2026-05-02T07:15:55.919Z
36,53718,875,E90N,E90N 316d N47,e90n-316d-n47-51866,1220683,03_1610,MOULDING ROCKER PANELS,03_1610,https://www.realoem.com/bmw/enUS/showparts?id=PR31-EUR-06-2009-E90N-BMW-316d&diagId=03_1610,7,0,7,backfilled,51190406581|51120404051|51120404052|51120404053|51120404054|51120413864|51120413865,2026-05-02T07:16:01.018Z
36,53719,875,E90N,E90N 316d N47,e90n-316d-n47-51866,1220687,03_2037,"RETROFIT KIT PDC, REAR",03_2037,https://www.realoem.com/bmw/enUS/showparts?id=PR31-EUR-06-2009-E90N-BMW-316d&diagId=03_2037,3,0,3,backfilled,66200399633|66202180146|51127213858,2026-05-02T07:16:05.517Z
36,53720,875,E90N,E90N 316d N47,e90n-316d-n47-51866,1220686,03_2010,FRONT PDC UPGRADE,03_2010,https://www.realoem.com/bmw/enUS/showparts?id=PR31-EUR-06-2009-E90N-BMW-316d&diagId=03_2010,7,0,7,backfilled,61120401223|66216938079|66202180146|66206923000|66206969139|51459120979|51117213857,2026-05-02T07:16:07.517Z
36,53721,875,E90N,E90N 316d N47,e90n-316d-n47-51866,1220688,03_2251,"RETROFIT KIT, LED DAYTIME DRIVING LIGHTS",03_2251,https://www.realoem.com/bmw/enUS/showparts?id=PR31-EUR-06-2009-E90N-BMW-316d&diagId=03_2251,6,0,6,backfilled,63302212798|63302348224|63302348225|63302184000|63302212799|63302183994,2026-05-02T07:16:11.218Z
36,53722,875,E90N,E90N 316d N47,e90n-316d-n47-51866,1220690,03_3666,MUD FLAPS,03_3666,https://www.realoem.com/bmw/enUS/showparts?id=PR31-EUR-06-2009-E90N-BMW-316d&diagId=03_3666,2,0,2,backfilled,82160444080|82160444083,2026-05-02T07:16:14.518Z
36,53723,875,E90N,E90N 316d N47,e90n-316d-n47-51866,1220689,03_2528,"RETROFIT KIT, HEADLIGHT CLEANING SYSTEM",03_2528,https://www.realoem.com/bmw/enUS/showparts?id=PR31-EUR-06-2009-E90N-BMW-316d&diagId=03_2528,5,0,5,backfilled,61670400875|61677211209|61677211210|51117138411|51117138412,2026-05-02T07:16:15.318Z
36,53724,875,E90N,E90N 316d N47,e90n-316d-n47-51866,1220691,03_3868,"COVER, WINDSHIELD/SIDE WINDOW",03_3868,https://www.realoem.com/bmw/enUS/showparts?id=PR31-EUR-06-2009-E90N-BMW-316d&diagId=03_3868,1,0,1,backfilled,82150418577,2026-05-02T07:16:17.418Z
36,53725,875,E90N,E90N 316d N47,e90n-316d-n47-51866,1220692,03_3870,COVER,03_3870,https://www.realoem.com/bmw/enUS/showparts?id=PR31-EUR-06-2009-E90N-BMW-316d&diagId=03_3870,1,0,1,backfilled,82150397888,2026-05-02T07:16:20.121Z
36,53726,875,E90N,E90N 316d N47,e90n-316d-n47-51866,1220693,03_0334,SPORTS GEARSHIFT KNOB,03_0334,https://www.realoem.com/bmw/enUS/showparts?id=PR31-EUR-06-2009-E90N-BMW-316d&diagId=03_0334,2,0,2,backfilled,25110406895|25110404454,2026-05-02T07:16:24.218Z
36,53727,875,E90N,E90N 316d N47,e90n-316d-n47-51866,1220694,03_0392,COVER FOR WOOD STEERING WHEEL,03_0392,https://www.realoem.com/bmw/enUS/showparts?id=PR31-EUR-06-2009-E90N-BMW-316d&diagId=03_0392,2,0,2,backfilled,32300397813|32300397812|32300427551,2026-05-02T07:16:25.217Z
36,53728,875,E90N,E90N 316d N47,e90n-316d-n47-51866,1220695,03_0394,RETROFIT MULTI-FUNCTIONAL STEERING WHEEL,03_0394,https://www.realoem.com/bmw/enUS/showparts?id=PR31-EUR-06-2009-E90N-BMW-316d&diagId=03_0394,1,0,1,backfilled,32306767225,2026-05-02T07:16:40.418Z
36,53729,875,E90N,E90N 316d N47,e90n-316d-n47-51866,1220696,03_0396,"COVER, MULTI-FUNCT.STEERING WHEEL",03_0396,https://www.realoem.com/bmw/enUS/showparts?id=PR31-EUR-06-2009-E90N-BMW-316d&diagId=03_0396,1,0,1,backfilled,32300415491,2026-05-02T07:16:40.617Z
36,53730,875,E90N,E90N 316d N47,e90n-316d-n47-51866,1220694,03_0392,COVER FOR WOOD STEERING WHEEL,03_0398,https://www.realoem.com/bmw/enUS/showparts?id=PR31-EUR-06-2009-E90N-BMW-316d&diagId=03_0398,1,2,1,backfilled,32300397813|32300397812|32300427551,2026-05-02T07:16:40.618Z
36,53731,875,E90N,E90N 316d N47,e90n-316d-n47-51866,1220697,03_0412,"RETROFIT, HANDBRAKE HANDLE",03_0412,https://www.realoem.com/bmw/enUS/showparts?id=PR31-EUR-06-2009-E90N-BMW-316d&diagId=03_0412,2,0,2,backfilled,34400397349|34400391600,2026-05-02T07:16:47.918Z
36,53732,875,E90N,E90N 316d N47,e90n-316d-n47-51866,1220699,03_0416,PARKING BRAKE HANDLE WITH CLIP,03_0416,https://www.realoem.com/bmw/enUS/showparts?id=PR31-EUR-06-2009-E90N-BMW-316d&diagId=03_0416,1,0,1,backfilled,34400415484,2026-05-02T07:16:48.918Z
36,53733,875,E90N,E90N 316d N47,e90n-316d-n47-51866,1220698,03_0413,HANDBRAKE GRIP WITH CHROME INLAY,03_0413,https://www.realoem.com/bmw/enUS/showparts?id=PR31-EUR-06-2009-E90N-BMW-316d&diagId=03_0413,1,0,1,backfilled,34400404523,2026-05-02T07:16:54.518Z
36,53734,875,E90N,E90N 316d N47,e90n-316d-n47-51866,1220700,03_0419,ALUMINUM PEDAL COVERS,03_0419,https://www.realoem.com/bmw/enUS/showparts?id=PR31-EUR-06-2009-E90N-BMW-316d&diagId=03_0419,7,0,7,backfilled,35000304642|35002213213|35002213213|35000304643|35411161723|35002213212|35000307588|35000307588|35000307589|35000307589|35000136742|35000136742,2026-05-02T07:17:02.218Z
36,53735,875,E90N,E90N 316d N47,e90n-316d-n47-51866,1220700,03_0419,ALUMINUM PEDAL COVERS,03_0422,https://www.realoem.com/bmw/enUS/showparts?id=PR31-EUR-06-2009-E90N-BMW-316d&diagId=03_0422,7,1,5,backfilled,35000304642|35002213213|35002213213|35000304643|35411161723|35002213212|35000307588|35000307588|35000307589|35000307589|35000136742|35000136742,2026-05-02T07:17:03.318Z
36,53736,875,E90N,E90N 316d N47,e90n-316d-n47-51866,1220701,03_0423,SET OF HIGH-GRADE STEEL PEDAL COVERS,03_0423,https://www.realoem.com/bmw/enUS/showparts?id=PR31-EUR-06-2009-E90N-BMW-316d&diagId=03_0423,3,0,3,backfilled,35000410099|35000410100|83190417324,2026-05-02T07:17:08.317Z
36,53737,875,E90N,E90N 316d N47,e90n-316d-n47-51866,1220702,03_0443,"FLOOR MATS, VELOURS",03_0443,https://www.realoem.com/bmw/enUS/showparts?id=PR31-EUR-06-2009-E90N-BMW-316d&diagId=03_0443,0,0,0,parser_drift,51470427638|51470427640|51470427633|51479171368|51470397014|51470300697,2026-05-02T07:17:10.676Z
36,53738,875,E90N,E90N 316d N47,e90n-316d-n47-51866,1220703,03_0487,ALUM. INTERIOR STRIPS GROUND LENGTHWISE,03_0487,https://www.realoem.com/bmw/enUS/showparts?id=PR31-EUR-06-2009-E90N-BMW-316d&diagId=03_0487,1,0,1,backfilled,51169145141,2026-05-02T07:17:13.261Z
36,53739,875,E90N,E90N 316d N47,e90n-316d-n47-51866,1220705,03_0499,RETROFIT REARVIEW MIRROR W. AUTO DIMMER,03_0499,https://www.realoem.com/bmw/enUS/showparts?id=PR31-EUR-06-2009-E90N-BMW-316d&diagId=03_0499,1,0,1,backfilled,61120434330,2026-05-02T07:17:15.517Z
36,53740,875,E90N,E90N 316d N47,e90n-316d-n47-51866,1220704,03_0489,"RETROFIT, ARMREST FRONT, MOVABLE",03_0489,https://www.realoem.com/bmw/enUS/showparts?id=PR31-EUR-06-2009-E90N-BMW-316d&diagId=03_0489,12,0,12,backfilled,51167137570|51167137569|51167137571|51169187224|51169204961|51169134617|51167147221|51167155629|51167155630|51169133812|51169133813|51167118064,2026-05-02T07:17:19.917Z
36,53741,875,E90N,E90N 316d N47,e90n-316d-n47-51866,1220706,03_0504,DOOR SILL STRIP RETROFIT KIT ST. STEEL,03_0504,https://www.realoem.com/bmw/enUS/showparts?id=PR31-EUR-06-2009-E90N-BMW-316d&diagId=03_0504,5,0,5,backfilled,51470429897|51470404676|51470397796|51470404677|51470397797|51470397798|51470397799|51472150905|51470404678|51470404679|51470404680,2026-05-02T07:17:20.118Z
36,53742,875,E90N,E90N 316d N47,e90n-316d-n47-51866,1220706,03_0504,DOOR SILL STRIP RETROFIT KIT ST. STEEL,03_0507,https://www.realoem.com/bmw/enUS/showparts?id=PR31-EUR-06-2009-E90N-BMW-316d&diagId=03_0507,6,0,6,backfilled,51470429897|51470404676|51470397796|51470404677|51470397797|51470397798|51470397799|51472150905|51470404678|51470404679|51470404680,2026-05-02T07:17:20.218Z
36,53743,875,E90N,E90N 316d N47,e90n-316d-n47-51866,1220667,03_0129,BMW PERFORMANCE ALUMINUM FOOTREST,03_0512,https://www.realoem.com/bmw/enUS/showparts?id=PR31-EUR-06-2009-E90N-BMW-316d&diagId=03_0512,1,1,0,clean,51470027792,2026-05-02T07:17:24.717Z
36,53744,875,E90N,E90N 316d N47,e90n-316d-n47-51866,1220702,03_0443,"FLOOR MATS, VELOURS",03_0538,https://www.realoem.com/bmw/enUS/showparts?id=PR31-EUR-06-2009-E90N-BMW-316d&diagId=03_0538,4,0,4,backfilled,51470427638|51470427640|51470427633|51479171368|51470397014|51470300697,2026-05-02T07:17:28.217Z
36,53745,875,E90N,E90N 316d N47,e90n-316d-n47-51866,1220707,03_0557,FOOTMAT UPDATE,03_0557,https://www.realoem.com/bmw/enUS/showparts?id=PR31-EUR-06-2009-E90N-BMW-316d&diagId=03_0557,2,0,2,backfilled,51470444641|51479171368,2026-05-02T07:17:32.117Z
36,53746,875,E90N,E90N 316d N47,e90n-316d-n47-51866,1220702,03_0443,"FLOOR MATS, VELOURS",03_0547,https://www.realoem.com/bmw/enUS/showparts?id=PR31-EUR-06-2009-E90N-BMW-316d&diagId=03_0547,2,4,2,backfilled,51470427638|51470427640|51470427633|51479171368|51470397014|51470300697,2026-05-02T07:17:32.717Z
36,53747,875,E90N,E90N 316d N47,e90n-316d-n47-51866,1220709,03_0624,POCKET HOLDER,03_0624,https://www.realoem.com/bmw/enUS/showparts?id=PR31-EUR-06-2009-E90N-BMW-316d&diagId=03_0624,3,0,3,backfilled,51470406386|51477140606|51470149148,2026-05-02T07:17:36.017Z
36,53748,875,E90N,E90N 316d N47,e90n-316d-n47-51866,1220708,03_0576,RUBBER MAT,03_0576,https://www.realoem.com/bmw/enUS/showparts?id=PR31-EUR-06-2009-E90N-BMW-316d&diagId=03_0576,9,0,9,backfilled,51470427552|51472311024|51470427553|51470427554|51470427558|51472336599|51470427559|51470427560|51479171368,2026-05-02T07:17:37.517Z
36,53749,875,E90N,E90N 316d N47,e90n-316d-n47-51866,1220669,03_0132,BMW PERFORMANCE INTERIOR MOLDINGS CARBON,03_0630,https://www.realoem.com/bmw/enUS/showparts?id=PR31-EUR-06-2009-E90N-BMW-316d&diagId=03_0630,9,9,0,clean,51410416202|51410416203|51420416204|51420416205|51457146752|51458266813|51457152442|07149158194|51166952674,2026-05-02T07:17:40.007Z
36,53750,875,E90N,E90N 316d N47,e90n-316d-n47-51866,1220710,03_0656,"STORAGE NET, FOOTWELL, FRONT",03_0656,https://www.realoem.com/bmw/enUS/showparts?id=PR31-EUR-06-2009-E90N-BMW-316d&diagId=03_0656,3,0,3,backfilled,51470429466|82262288693|82262311350,2026-05-02T07:17:42.017Z
36,53751,875,E90N,E90N 316d N47,e90n-316d-n47-51866,1220712,03_0675,"RETROFIT KIT, INTERIOR TRIM, ADHESIVE",03_0675,https://www.realoem.com/bmw/enUS/showparts?id=PR31-EUR-06-2009-E90N-BMW-316d&diagId=03_0675,2,0,2,backfilled,51452166292|51452166293|51450447729|51452160175,2026-05-02T07:17:47.018Z
36,53752,875,E90N,E90N 316d N47,e90n-316d-n47-51866,1220713,03_0689,POCKET SET IN INTERIOR,03_0689,https://www.realoem.com/bmw/enUS/showparts?id=PR31-EUR-06-2009-E90N-BMW-316d&diagId=03_0689,1,0,1,backfilled,82272207796,2026-05-02T07:17:50.516Z
36,53753,875,E90N,E90N 316d N47,e90n-316d-n47-51866,1220712,03_0675,"RETROFIT KIT, INTERIOR TRIM, ADHESIVE",03_0676,https://www.realoem.com/bmw/enUS/showparts?id=PR31-EUR-06-2009-E90N-BMW-316d&diagId=03_0676,2,2,2,backfilled,51452166292|51452166293|51450447729|51452160175,2026-05-02T07:17:50.517Z
36,53754,875,E90N,E90N 316d N47,e90n-316d-n47-51866,1220711,03_0668,INTERIOR TRIM FINISHERS BLACK HIGH-GLOSS,03_0668,https://www.realoem.com/bmw/enUS/showparts?id=PR31-EUR-06-2009-E90N-BMW-316d&diagId=03_0668,15,0,15,backfilled,51456985890|51456985892|51419171787|51419171788|51429171791|51429171792|51169170854|51166982642|51169170931|51457146752|51458266808|51457152442|07149158194|51457146751|51166952674,2026-05-02T07:17:53.718Z
36,53755,875,E90N,E90N 316d N47,e90n-316d-n47-51866,1220714,03_0691,"FLOOR MAT, ALLWEATHER",03_0691,https://www.realoem.com/bmw/enUS/showparts?id=PR31-EUR-06-2009-E90N-BMW-316d&diagId=03_0691,3,0,3,backfilled,51472311024|51472311000|51472336599,2026-05-02T07:17:56.118Z
36,53756,875,E90N,E90N 316d N47,e90n-316d-n47-51866,1220716,03_0897,"RETROFIT KIT, REMOTE CNTRL,INDEP.HEATING",03_0897,https://www.realoem.com/bmw/enUS/showparts?id=PR31-EUR-06-2009-E90N-BMW-316d&diagId=03_0897,10,0,10,backfilled,64500392971|64500435769|64500410385|64500395010|64500395012|64500433514|64500433515|64502334000|61310404639|64500395920,2026-05-02T07:18:06.518Z
36,53757,875,E90N,E90N 316d N47,e90n-316d-n47-51866,1220715,03_0900,"INSTALL.KIT, INDEPENDENT HEATER",03_0900,https://www.realoem.com/bmw/enUS/showparts?id=PR31-EUR-06-2009-E90N-BMW-316d&diagId=03_0900,13,0,13,backfilled,64500418227|64500418227|51717172541|51717903913|61316934807|61316934807|61316912986|61316912986|64129144646|64129144646|64129196785|64129196785|64500392971|64500392971|64500435769|64500435769|64500410385|64500410385|64500395010|64500395010|64500395012|64500395012|64500433515|64500433515|64500417596|64500395920|64500395920|64500413352|64500410817|64500410819|64502334000|61310404639|64120414285,2026-05-02T07:18:07.917Z
36,53758,875,E90N,E90N 316d N47,e90n-316d-n47-51866,1220715,03_0900,"INSTALL.KIT, INDEPENDENT HEATER",03_0902,https://www.realoem.com/bmw/enUS/showparts?id=PR31-EUR-06-2009-E90N-BMW-316d&diagId=03_0902,13,0,13,backfilled,64500418227|64500418227|51717172541|51717903913|61316934807|61316934807|61316912986|61316912986|64129144646|64129144646|64129196785|64129196785|64500392971|64500392971|64500435769|64500435769|64500410385|64500410385|64500395010|64500395010|64500395012|64500395012|64500433515|64500433515|64500417596|64500395920|64500395920|64500413352|64500410817|64500410819|64502334000|61310404639|64120414285,2026-05-02T07:18:07.918Z
36,53759,875,E90N,E90N 316d N47,e90n-316d-n47-51866,1220715,03_0900,"INSTALL.KIT, INDEPENDENT HEATER",03_0905,https://www.realoem.com/bmw/enUS/showparts?id=PR31-EUR-06-2009-E90N-BMW-316d&diagId=03_0905,9,12,7,backfilled,64500418227|64500418227|51717172541|51717903913|61316934807|61316934807|61316912986|61316912986|64129144646|64129144646|64129196785|64129196785|64500392971|64500392971|64500435769|64500435769|64500410385|64500410385|64500395010|64500395010|64500395012|64500395012|64500433515|64500433515|64500417596|64500395920|64500395920|64500413352|64500410817|64500410819|64502334000|61310404639|64120414285,2026-05-02T07:18:11.119Z
36,53760,875,E90N,E90N 316d N47,e90n-316d-n47-51866,1220717,03_1156,FIRE EXTINGUISHER,03_1158,https://www.realoem.com/bmw/enUS/showparts?id=PR31-EUR-06-2009-E90N-BMW-316d&diagId=03_1158,4,1,3,backfilled,72600000335|52100413022|52100391555|52100413021|52100392434|52100408186|52100408187|52100392435|72600441112|52100441113|52100391556,2026-05-02T07:18:17.517Z
36,53761,875,E90N,E90N 316d N47,e90n-316d-n47-51866,1220717,03_1156,FIRE EXTINGUISHER,03_1156,https://www.realoem.com/bmw/enUS/showparts?id=PR31-EUR-06-2009-E90N-BMW-316d&diagId=03_1156,9,0,8,backfilled,72600000335|52100413022|52100391555|52100413021|52100392434|52100408186|52100408187|52100392435|72600441112|52100441113|52100391556,2026-05-02T07:18:21.118Z
36,53762,875,E90N,E90N 316d N47,e90n-316d-n47-51866,1220719,03_1336,UMBRELLA WITH BAG,03_1336,https://www.realoem.com/bmw/enUS/showparts?id=PR31-EUR-06-2009-E90N-BMW-316d&diagId=03_1336,2,0,2,backfilled,51472153353|51470306529,2026-05-02T07:18:38.418Z
36,53763,875,E90N,E90N 316d N47,e90n-316d-n47-51866,1220718,03_1323,"RETROFIT, FINE WOOD TRIM, WALNUT ROOT",03_1323,https://www.realoem.com/bmw/enUS/showparts?id=PR31-EUR-06-2009-E90N-BMW-316d&diagId=03_1323,12,0,12,backfilled,51456985538|51456985540|51419173688|51169170873|51457146752|51458266813|51457152442|07149158194|51166952674|51169170899|51166985616|51169170935,2026-05-02T07:18:38.717Z
36,53764,875,E90N,E90N 316d N47,e90n-316d-n47-51866,1220720,03_1670,"FIRST-AID KIT, UNIVERSAL",03_1670,https://www.realoem.com/bmw/enUS/showparts?id=PR31-EUR-06-2009-E90N-BMW-316d&diagId=03_1670,3,0,3,backfilled,71107263439|82262210667|51477158344,2026-05-02T07:18:39.819Z
36,53765,875,E90N,E90N 316d N47,e90n-316d-n47-51866,1220721,03_1676,SUPPLEMENTARY SET SUN BLIND ELECTR.,03_1676,https://www.realoem.com/bmw/enUS/showparts?id=PR31-EUR-06-2009-E90N-BMW-316d&diagId=03_1676,1,0,1,backfilled,51950033344,2026-05-02T07:18:40.517Z
36,53766,875,E90N,E90N 316d N47,e90n-316d-n47-51866,1220724,03_1754,"RETROFIT, CUP HOLDER",03_1754,https://www.realoem.com/bmw/enUS/showparts?id=PR31-EUR-06-2009-E90N-BMW-316d&diagId=03_1754,2,0,2,backfilled,51160399641|51160391637|72600153336|72600406419,2026-05-02T07:18:45.329Z
36,53767,875,E90N,E90N 316d N47,e90n-316d-n47-51866,1220723,03_1750,SUNSHADE,03_1750,https://www.realoem.com/bmw/enUS/showparts?id=PR31-EUR-06-2009-E90N-BMW-316d&diagId=03_1750,4,0,4,backfilled,51460397334|51460419046|51460412110|51460412111,2026-05-02T07:18:45.456Z
36,53768,875,E90N,E90N 316d N47,e90n-316d-n47-51866,1220725,03_1756,RETROFIT M FOOT REST,03_1756,https://www.realoem.com/bmw/enUS/showparts?id=PR31-EUR-06-2009-E90N-BMW-316d&diagId=03_1756,1,0,1,backfilled,51477906851,2026-05-02T07:18:45.887Z
36,53769,875,E90N,E90N 316d N47,e90n-316d-n47-51866,1220722,03_1693,TRAVEL & COMFORT SYSTEM,03_1693,https://www.realoem.com/bmw/enUS/showparts?id=PR31-EUR-06-2009-E90N-BMW-316d&diagId=03_1693,23,0,23,backfilled,51952183852|51952183855|51952449253|51952449252|51952449251|51952405468|51952186297|51952360373|51952409283|51952349511|51952285316|51952408224|51952360374|51952420906|51952420907|51952420910|51952446882|51952449295|51952458832|51952458988|51952473274|51952473275|51952473276,2026-05-02T07:19:03.618Z
36,53770,875,E90N,E90N 316d N47,e90n-316d-n47-51866,1220728,03_1815,"INTERIOR EQUIPMENT, UPPER",03_1815,https://www.realoem.com/bmw/enUS/showparts?id=PR31-EUR-06-2009-E90N-BMW-316d&diagId=03_1815,1,0,1,backfilled,51160422717,2026-05-02T07:19:06.218Z
36,53771,875,E90N,E90N 316d N47,e90n-316d-n47-51866,1220726,03_1797,SUN BLIND STRIPS,03_1797,https://www.realoem.com/bmw/enUS/showparts?id=PR31-EUR-06-2009-E90N-BMW-316d&diagId=03_1797,2,0,2,backfilled,51460444463|51460444465,2026-05-02T07:19:06.418Z
36,53772,875,E90N,E90N 316d N47,e90n-316d-n47-51866,1220727,03_1807,ASHTRAY REAR,03_1807,https://www.realoem.com/bmw/enUS/showparts?id=PR31-EUR-06-2009-E90N-BMW-316d&diagId=03_1807,7,0,7,backfilled,51167145681|51167145682|51167145683|51167138525|51167138526|51167138527|51167156544,2026-05-02T07:19:07.319Z
36,53773,875,E90N,E90N 316d N47,e90n-316d-n47-51866,1220729,03_1901,KEY FOB,03_1901,https://www.realoem.com/bmw/enUS/showparts?id=PR31-EUR-06-2009-E90N-BMW-316d&diagId=03_1901,3,0,3,backfilled,51210414778|51210414779|51210415036,2026-05-02T07:19:14.318Z
36,53774,875,E90N,E90N 316d N47,e90n-316d-n47-51866,1220731,03_2072,DYNAMIC CRUISE CONTROL RETROFIT,03_2073,https://www.realoem.com/bmw/enUS/showparts?id=PR31-EUR-06-2009-E90N-BMW-316d&diagId=03_2073,1,0,1,backfilled,01104444444|61318380482,2026-05-02T07:19:16.118Z
36,53775,875,E90N,E90N 316d N47,e90n-316d-n47-51866,1220730,03_1994,ACCESSORI E POSTMONTAGGI,03_1994,https://www.realoem.com/bmw/enUS/showparts?id=PR31-EUR-06-2009-E90N-BMW-316d&diagId=03_1994,1,0,1,backfilled,99992162590,2026-05-02T07:19:16.344Z
36,53776,875,E90N,E90N 316d N47,e90n-316d-n47-51866,1220731,03_2072,DYNAMIC CRUISE CONTROL RETROFIT,03_2072,https://www.realoem.com/bmw/enUS/showparts?id=PR31-EUR-06-2009-E90N-BMW-316d&diagId=03_2072,1,1,1,backfilled,01104444444|61318380482,2026-05-02T07:19:18.118Z
36,53777,875,E90N,E90N 316d N47,e90n-316d-n47-51866,1220695,03_0394,RETROFIT MULTI-FUNCTIONAL STEERING WHEEL,03_2117,https://www.realoem.com/bmw/enUS/showparts?id=PR31-EUR-06-2009-E90N-BMW-316d&diagId=03_2117,1,1,0,clean,32306767225,2026-05-02T07:19:20.419Z
36,53778,875,E90N,E90N 316d N47,e90n-316d-n47-51866,1220733,03_2270,BMW LED LUGGAGE COMPARTMENT LAMP,03_2270,https://www.realoem.com/bmw/enUS/showparts?id=PR31-EUR-06-2009-E90N-BMW-316d&diagId=03_2270,1,0,1,backfilled,63312348803,2026-05-02T07:19:20.917Z
36,53779,875,E90N,E90N 316d N47,e90n-316d-n47-51866,1220732,03_2170,"FLASHLIGHT, LED",03_2170,https://www.realoem.com/bmw/enUS/showparts?id=PR31-EUR-06-2009-E90N-BMW-316d&diagId=03_2170,2,0,2,backfilled,63319148677|63319139112|63312410071,2026-05-02T07:19:21.518Z
36,53780,875,E90N,E90N 316d N47,e90n-316d-n47-51866,1220734,03_2277,LED INTERIOR LIGHT PACKAGE,03_2277,https://www.realoem.com/bmw/enUS/showparts?id=PR31-EUR-06-2009-E90N-BMW-316d&diagId=03_2277,4,0,4,backfilled,63122212787|63122212788|63122351265|63212212785,2026-05-02T07:19:27.917Z
36,53781,875,E90N,E90N 316d N47,e90n-316d-n47-51866,1220735,03_2278,ACCESSORIES AND RETROFITTINGS,03_2278,https://www.realoem.com/bmw/enUS/showparts?id=PR31-EUR-06-2009-E90N-BMW-316d&diagId=03_2278,4,0,4,backfilled,63312414105|63312413538|63312413539|63312456413,2026-05-02T07:19:34.118Z
36,53782,875,E90N,E90N 316d N47,e90n-316d-n47-51866,1220736,03_2617,SHEEPSKIN SEAT COVERS,03_2617,https://www.realoem.com/bmw/enUS/showparts?id=PR31-EUR-06-2009-E90N-BMW-316d&diagId=03_2617,5,0,5,backfilled,52300399086|52300399087|52300399090|52300399089|52300399088,2026-05-02T07:19:36.018Z
36,53783,875,E90N,E90N 316d N47,e90n-316d-n47-51866,1220738,03_2630,FRONT SEAT HEATING RETROFIT,03_2630,https://www.realoem.com/bmw/enUS/showparts?id=PR31-EUR-06-2009-E90N-BMW-316d&diagId=03_2630,1,0,1,backfilled,61110405003,2026-05-02T07:19:40.119Z
36,53784,875,E90N,E90N 316d N47,e90n-316d-n47-51866,1220739,03_2646,BELT HOLDER,03_2646,https://www.realoem.com/bmw/enUS/showparts?id=PR31-EUR-06-2009-E90N-BMW-316d&diagId=03_2646,0,0,0,parser_drift,,2026-05-02T07:19:40.346Z
36,53785,875,E90N,E90N 316d N47,e90n-316d-n47-51866,1220740,03_2655,SEAT-BACK STORAGE POCKET,03_2655,https://www.realoem.com/bmw/enUS/showparts?id=PR31-EUR-06-2009-E90N-BMW-316d&diagId=03_2655,2,0,2,backfilled,52120007364|52120410752,2026-05-02T07:19:42.564Z
36,53786,875,E90N,E90N 316d N47,e90n-316d-n47-51866,1220737,03_2625,RETROFITTING REAR FOLDING HEAD RESTRAINT,03_2625,https://www.realoem.com/bmw/enUS/showparts?id=PR31-EUR-06-2009-E90N-BMW-316d&diagId=03_2625,18,0,18,backfilled,52207213519|52207213518|52207213536|52207256596|52207256595|52207213537|52207246477|52207246478|52207246479|52207164262|52207164261|52207164260|52207152191|52207152193|52207152190|52207152192|52207142041|52207142251,2026-05-02T07:19:43.417Z
36,53787,875,E90N,E90N 316d N47,e90n-316d-n47-51866,1220741,03_2658,"RETROFIT, SKI BAG",03_2658,https://www.realoem.com/bmw/enUS/showparts?id=PR31-EUR-06-2009-E90N-BMW-316d&diagId=03_2658,4,0,4,backfilled,52207261325|52207261326|52207261327|52207261328,2026-05-02T07:19:48.118Z
36,53788,875,E90N,E90N 316d N47,e90n-316d-n47-51866,1220742,03_2659,"RETROFIT, NET BAG AT SEAT BACKREST",03_2659,https://www.realoem.com/bmw/enUS/showparts?id=PR31-EUR-06-2009-E90N-BMW-316d&diagId=03_2659,4,0,4,backfilled,52109166909|52109166910|52109166908|52201964201,2026-05-02T07:19:48.418Z
36,53789,875,E90N,E90N 316d N47,e90n-316d-n47-51866,1220743,03_2663,BACKREST POCKET BMW LINES,03_2663,https://www.realoem.com/bmw/enUS/showparts?id=PR31-EUR-06-2009-E90N-BMW-316d&diagId=03_2663,4,0,4,backfilled,52122219889|52122219891|52122303033|52122339140,2026-05-02T07:19:49.318Z
36,53790,875,E90N,E90N 316d N47,e90n-316d-n47-51866,1220744,03_2857,"RETROFIT, WOODEN GEARSHIFT KNOB",03_2857,https://www.realoem.com/bmw/enUS/showparts?id=PR31-EUR-06-2009-E90N-BMW-316d&diagId=03_2857,1,0,1,backfilled,25160397346|25160391597|25110391594,2026-05-02T07:19:54.917Z
36,53791,875,E90N,E90N 316d N47,e90n-316d-n47-51866,1220744,03_2857,"RETROFIT, WOODEN GEARSHIFT KNOB",03_2858,https://www.realoem.com/bmw/enUS/showparts?id=PR31-EUR-06-2009-E90N-BMW-316d&diagId=03_2858,2,0,2,backfilled,25160397346|25160391597|25110391594,2026-05-02T07:19:55.718Z
36,53792,875,E90N,E90N 316d N47,e90n-316d-n47-51866,1220745,03_2866,"RETROFIT, SPORT SWITCH KNOB",03_2866,https://www.realoem.com/bmw/enUS/showparts?id=PR31-EUR-06-2009-E90N-BMW-316d&diagId=03_2866,1,0,1,backfilled,25110415475,2026-05-02T07:19:56.817Z
36,53793,875,E90N,E90N 316d N47,e90n-316d-n47-51866,1220746,03_2867,"RETROFIT, SELECTOR LEVER GRIP",03_2867,https://www.realoem.com/bmw/enUS/showparts?id=PR31-EUR-06-2009-E90N-BMW-316d&diagId=03_2867,1,0,1,backfilled,25160415481,2026-05-02T07:20:03.118Z
36,53794,875,E90N,E90N 316d N47,e90n-316d-n47-51866,1220747,03_3013,BMW JUNIOR SEAT 2/3,03_3014,https://www.realoem.com/bmw/enUS/showparts?id=PR31-EUR-06-2009-E90N-BMW-316d&diagId=03_3014,4,0,4,backfilled,82222286187|82222405462|82222286188|82222405463|82222154115|82222154117|82222154118|82222154119|82222162871|82222162872|82220017039|82220017048|82220153302|82220142315|82220142316|82220153303|82220153304|82220148485|82220153305|82129408961|82220017042|82220142595|82220142596|82220403660|82220403662|82220403661|82220148779|82220017045|82220142312|82220144074|82220148780|82220305210|82220139315|82220139316|82220139317|82220300988|82222162867|82222162868|82222286185|82222286189|82222286186|82222348233|82222286183|82222286184|82222154120|82222154121|82222154122|82222154123|82222162878|82222162879|82220017039|82220142594|82222162885|82220148778|82220422577|82222154124|82222348238|82222154125|82222348245|82222154126|82222448816|82222154127|82222162881|82222162886|82222162883|82222348239|82220404299|82222348246|82220305209|82222449301|82220305206|82220305207|82220305208|82220403660|82220017044|82220017059|82220141997|82220142000|82220142592|82220142593|82220148484|82220148486|82222165894|82222348234|82222348236,2026-05-02T07:20:04.518Z
36,53795,875,E90N,E90N 316d N47,e90n-316d-n47-51866,1220747,03_3013,BMW JUNIOR SEAT 2/3,03_3013,https://www.realoem.com/bmw/enUS/showparts?id=PR31-EUR-06-2009-E90N-BMW-316d&diagId=03_3013,4,0,4,backfilled,82222286187|82222405462|82222286188|82222405463|82222154115|82222154117|82222154118|82222154119|82222162871|82222162872|82220017039|82220017048|82220153302|82220142315|82220142316|82220153303|82220153304|82220148485|82220153305|82129408961|82220017042|82220142595|82220142596|82220403660|82220403662|82220403661|82220148779|82220017045|82220142312|82220144074|82220148780|82220305210|82220139315|82220139316|82220139317|82220300988|82222162867|82222162868|82222286185|82222286189|82222286186|82222348233|82222286183|82222286184|82222154120|82222154121|82222154122|82222154123|82222162878|82222162879|82220017039|82220142594|82222162885|82220148778|82220422577|82222154124|82222348238|82222154125|82222348245|82222154126|82222448816|82222154127|82222162881|82222162886|82222162883|82222348239|82220404299|82222348246|82220305209|82222449301|82220305206|82220305207|82220305208|82220403660|82220017044|82220017059|82220141997|82220142000|82220142592|82220142593|82220148484|82220148486|82222165894|82222348234|82222348236,2026-05-02T07:20:04.517Z
36,53796,875,E90N,E90N 316d N47,e90n-316d-n47-51866,1220747,03_3013,BMW JUNIOR SEAT 2/3,03_3015,https://www.realoem.com/bmw/enUS/showparts?id=PR31-EUR-06-2009-E90N-BMW-316d&diagId=03_3015,3,8,2,backfilled,82222286187|82222405462|82222286188|82222405463|82222154115|82222154117|82222154118|82222154119|82222162871|82222162872|82220017039|82220017048|82220153302|82220142315|82220142316|82220153303|82220153304|82220148485|82220153305|82129408961|82220017042|82220142595|82220142596|82220403660|82220403662|82220403661|82220148779|82220017045|82220142312|82220144074|82220148780|82220305210|82220139315|82220139316|82220139317|82220300988|82222162867|82222162868|82222286185|82222286189|82222286186|82222348233|82222286183|82222286184|82222154120|82222154121|82222154122|82222154123|82222162878|82222162879|82220017039|82220142594|82222162885|82220148778|82220422577|82222154124|82222348238|82222154125|82222348245|82222154126|82222448816|82222154127|82222162881|82222162886|82222162883|82222348239|82220404299|82222348246|82220305209|82222449301|82220305206|82220305207|82220305208|82220403660|82220017044|82220017059|82220141997|82220142000|82220142592|82220142593|82220148484|82220148486|82222165894|82222348234|82222348236,2026-05-02T07:20:07.318Z
36,53797,875,E90N,E90N 316d N47,e90n-316d-n47-51866,1220747,03_3013,BMW JUNIOR SEAT 2/3,03_3061,https://www.realoem.com/bmw/enUS/showparts?id=PR31-EUR-06-2009-E90N-BMW-316d&diagId=03_3061,2,25,2,backfilled,82222286187|82222405462|82222286188|82222405463|82222154115|82222154117|82222154118|82222154119|82222162871|82222162872|82220017039|82220017048|82220153302|82220142315|82220142316|82220153303|82220153304|82220148485|82220153305|82129408961|82220017042|82220142595|82220142596|82220403660|82220403662|82220403661|82220148779|82220017045|82220142312|82220144074|82220148780|82220305210|82220139315|82220139316|82220139317|82220300988|82222162867|82222162868|82222286185|82222286189|82222286186|82222348233|82222286183|82222286184|82222154120|82222154121|82222154122|82222154123|82222162878|82222162879|82220017039|82220142594|82222162885|82220148778|82220422577|82222154124|82222348238|82222154125|82222348245|82222154126|82222448816|82222154127|82222162881|82222162886|82222162883|82222348239|82220404299|82222348246|82220305209|82222449301|82220305206|82220305207|82220305208|82220403660|82220017044|82220017059|82220141997|82220142000|82220142592|82220142593|82220148484|82220148486|82222165894|82222348234|82222348236,2026-05-02T07:20:14.719Z
36,53798,875,E90N,E90N 316d N47,e90n-316d-n47-51866,1220747,03_3013,BMW JUNIOR SEAT 2/3,03_3052,https://www.realoem.com/bmw/enUS/showparts?id=PR31-EUR-06-2009-E90N-BMW-316d&diagId=03_3052,9,23,9,backfilled,82222286187|82222405462|82222286188|82222405463|82222154115|82222154117|82222154118|82222154119|82222162871|82222162872|82220017039|82220017048|82220153302|82220142315|82220142316|82220153303|82220153304|82220148485|82220153305|82129408961|82220017042|82220142595|82220142596|82220403660|82220403662|82220403661|82220148779|82220017045|82220142312|82220144074|82220148780|82220305210|82220139315|82220139316|82220139317|82220300988|82222162867|82222162868|82222286185|82222286189|82222286186|82222348233|82222286183|82222286184|82222154120|82222154121|82222154122|82222154123|82222162878|82222162879|82220017039|82220142594|82222162885|82220148778|82220422577|82222154124|82222348238|82222154125|82222348245|82222154126|82222448816|82222154127|82222162881|82222162886|82222162883|82222348239|82220404299|82222348246|82220305209|82222449301|82220305206|82220305207|82220305208|82220403660|82220017044|82220017059|82220141997|82220142000|82220142592|82220142593|82220148484|82220148486|82222165894|82222348234|82222348236,2026-05-02T07:20:18.418Z
36,53799,875,E90N,E90N 316d N47,e90n-316d-n47-51866,1220748,03_3064,BMW BABY SEAT 0+ ISOFIX,03_3064,https://www.realoem.com/bmw/enUS/showparts?id=PR31-EUR-06-2009-E90N-BMW-316d&diagId=03_3064,2,0,2,backfilled,82222162842|82222162843|82222348230|82222348231|82222348233,2026-05-02T07:20:22.917Z
36,53800,875,E90N,E90N 316d N47,e90n-316d-n47-51866,1220747,03_3013,BMW JUNIOR SEAT 2/3,03_3073,https://www.realoem.com/bmw/enUS/showparts?id=PR31-EUR-06-2009-E90N-BMW-316d&diagId=03_3073,1,77,1,backfilled,82222286187|82222405462|82222286188|82222405463|82222154115|82222154117|82222154118|82222154119|82222162871|82222162872|82220017039|82220017048|82220153302|82220142315|82220142316|82220153303|82220153304|82220148485|82220153305|82129408961|82220017042|82220142595|82220142596|82220403660|82220403662|82220403661|82220148779|82220017045|82220142312|82220144074|82220148780|82220305210|82220139315|82220139316|82220139317|82220300988|82222162867|82222162868|82222286185|82222286189|82222286186|82222348233|82222286183|82222286184|82222154120|82222154121|82222154122|82222154123|82222162878|82222162879|82220017039|82220142594|82222162885|82220148778|82220422577|82222154124|82222348238|82222154125|82222348245|82222154126|82222448816|82222154127|82222162881|82222162886|82222162883|82222348239|82220404299|82222348246|82220305209|82222449301|82220305206|82220305207|82220305208|82220403660|82220017044|82220017059|82220141997|82220142000|82220142592|82220142593|82220148484|82220148486|82222165894|82222348234|82222348236,2026-05-02T07:20:26.919Z
36,53801,875,E90N,E90N 316d N47,e90n-316d-n47-51866,1220747,03_3013,BMW JUNIOR SEAT 2/3,03_3048,https://www.realoem.com/bmw/enUS/showparts?id=PR31-EUR-06-2009-E90N-BMW-316d&diagId=03_3048,35,10,32,backfilled,82222286187|82222405462|82222286188|82222405463|82222154115|82222154117|82222154118|82222154119|82222162871|82222162872|82220017039|82220017048|82220153302|82220142315|82220142316|82220153303|82220153304|82220148485|82220153305|82129408961|82220017042|82220142595|82220142596|82220403660|82220403662|82220403661|82220148779|82220017045|82220142312|82220144074|82220148780|82220305210|82220139315|82220139316|82220139317|82220300988|82222162867|82222162868|82222286185|82222286189|82222286186|82222348233|82222286183|82222286184|82222154120|82222154121|82222154122|82222154123|82222162878|82222162879|82220017039|82220142594|82222162885|82220148778|82220422577|82222154124|82222348238|82222154125|82222348245|82222154126|82222448816|82222154127|82222162881|82222162886|82222162883|82222348239|82220404299|82222348246|82220305209|82222449301|82220305206|82220305207|82220305208|82220403660|82220017044|82220017059|82220141997|82220142000|82220142592|82220142593|82220148484|82220148486|82222165894|82222348234|82222348236,2026-05-02T07:20:27.818Z
36,53802,875,E90N,E90N 316d N47,e90n-316d-n47-51866,1220747,03_3013,BMW JUNIOR SEAT 2/3,03_3045,https://www.realoem.com/bmw/enUS/showparts?id=PR31-EUR-06-2009-E90N-BMW-316d&diagId=03_3045,44,10,29,backfilled,82222286187|82222405462|82222286188|82222405463|82222154115|82222154117|82222154118|82222154119|82222162871|82222162872|82220017039|82220017048|82220153302|82220142315|82220142316|82220153303|82220153304|82220148485|82220153305|82129408961|82220017042|82220142595|82220142596|82220403660|82220403662|82220403661|82220148779|82220017045|82220142312|82220144074|82220148780|82220305210|82220139315|82220139316|82220139317|82220300988|82222162867|82222162868|82222286185|82222286189|82222286186|82222348233|82222286183|82222286184|82222154120|82222154121|82222154122|82222154123|82222162878|82222162879|82220017039|82220142594|82222162885|82220148778|82220422577|82222154124|82222348238|82222154125|82222348245|82222154126|82222448816|82222154127|82222162881|82222162886|82222162883|82222348239|82220404299|82222348246|82220305209|82222449301|82220305206|82220305207|82220305208|82220403660|82220017044|82220017059|82220141997|82220142000|82220142592|82220142593|82220148484|82220148486|82222165894|82222348234|82222348236,2026-05-02T07:20:31.718Z
36,53803,875,E90N,E90N 316d N47,e90n-316d-n47-51866,1220748,03_3064,BMW BABY SEAT 0+ ISOFIX,03_3077,https://www.realoem.com/bmw/enUS/showparts?id=PR31-EUR-06-2009-E90N-BMW-316d&diagId=03_3077,3,2,3,backfilled,82222162842|82222162843|82222348230|82222348231|82222348233,2026-05-02T07:20:34.218Z
36,53804,875,E90N,E90N 316d N47,e90n-316d-n47-51866,1220749,03_3452,STORAGE COMPARTMENT MODULE,03_3452,https://www.realoem.com/bmw/enUS/showparts?id=PR31-EUR-06-2009-E90N-BMW-316d&diagId=03_3452,2,0,2,backfilled,72600153335|72600406419,2026-05-02T07:20:36.717Z
36,53805,875,E90N,E90N 316d N47,e90n-316d-n47-51866,1220724,03_1754,"RETROFIT, CUP HOLDER",03_3454,https://www.realoem.com/bmw/enUS/showparts?id=PR31-EUR-06-2009-E90N-BMW-316d&diagId=03_3454,2,2,2,backfilled,51160399641|51160391637|72600153336|72600406419,2026-05-02T07:20:39.117Z
36,53806,875,E90N,E90N 316d N47,e90n-316d-n47-51866,1220747,03_3013,BMW JUNIOR SEAT 2/3,03_3078,https://www.realoem.com/bmw/enUS/showparts?id=PR31-EUR-06-2009-E90N-BMW-316d&diagId=03_3078,3,81,2,backfilled,82222286187|82222405462|82222286188|82222405463|82222154115|82222154117|82222154118|82222154119|82222162871|82222162872|82220017039|82220017048|82220153302|82220142315|82220142316|82220153303|82220153304|82220148485|82220153305|82129408961|82220017042|82220142595|82220142596|82220403660|82220403662|82220403661|82220148779|82220017045|82220142312|82220144074|82220148780|82220305210|82220139315|82220139316|82220139317|82220300988|82222162867|82222162868|82222286185|82222286189|82222286186|82222348233|82222286183|82222286184|82222154120|82222154121|82222154122|82222154123|82222162878|82222162879|82220017039|82220142594|82222162885|82220148778|82220422577|82222154124|82222348238|82222154125|82222348245|82222154126|82222448816|82222154127|82222162881|82222162886|82222162883|82222348239|82220404299|82222348246|82220305209|82222449301|82220305206|82220305207|82220305208|82220403660|82220017044|82220017059|82220141997|82220142000|82220142592|82220142593|82220148484|82220148486|82222165894|82222348234|82222348236,2026-05-02T07:20:40.574Z
36,53807,875,E90N,E90N 316d N47,e90n-316d-n47-51866,1220751,03_3618,CLEAN BAG,03_3618,https://www.realoem.com/bmw/enUS/showparts?id=PR31-EUR-06-2009-E90N-BMW-316d&diagId=03_3618,2,0,2,backfilled,82270416591|82270416592,2026-05-02T07:20:40.876Z
36,53808,875,E90N,E90N 316d N47,e90n-316d-n47-51866,1220750,03_3616,DRIVER UTILITY SET,03_3616,https://www.realoem.com/bmw/enUS/showparts?id=PR31-EUR-06-2009-E90N-BMW-316d&diagId=03_3616,2,0,2,backfilled,82292151462|71607704736,2026-05-02T07:20:44.717Z
36,53809,875,E90N,E90N 316d N47,e90n-316d-n47-51866,1220752,03_3622,"STORAGE POCKET, REAR PASSENGERS",03_3622,https://www.realoem.com/bmw/enUS/showparts?id=PR31-EUR-06-2009-E90N-BMW-316d&diagId=03_3622,2,0,2,backfilled,82270435868|82270445058,2026-05-02T07:20:44.817Z
36,53810,875,E90N,E90N 316d N47,e90n-316d-n47-51866,1220753,03_3623,MULTIMEDIA CASE,03_3623,https://www.realoem.com/bmw/enUS/showparts?id=PR31-EUR-06-2009-E90N-BMW-316d&diagId=03_3623,3,0,3,backfilled,82272150370|51411970578|07149158767,2026-05-02T07:20:48.317Z
36,53811,875,E90N,E90N 316d N47,e90n-316d-n47-51866,1220755,03_4004,COOL BAG,03_4004,https://www.realoem.com/bmw/enUS/showparts?id=PR31-EUR-06-2009-E90N-BMW-316d&diagId=03_4004,1,0,1,backfilled,82292445039,2026-05-02T07:20:49.417Z
36,53812,875,E90N,E90N 316d N47,e90n-316d-n47-51866,1220754,03_3624,SHOE CASE,03_3624,https://www.realoem.com/bmw/enUS/showparts?id=PR31-EUR-06-2009-E90N-BMW-316d&diagId=03_3624,6,0,6,backfilled,82270445521|51479171368|83122148333|83122298225|51910148336|83122148334,2026-05-02T07:20:51.119Z
36,53813,875,E90N,E90N 316d N47,e90n-316d-n47-51866,1220676,03_3972,BMW ACTION-CAM BRACKET,03_4093,https://www.realoem.com/bmw/enUS/showparts?id=PR31-EUR-06-2009-E90N-BMW-316d&diagId=03_4093,2,3,0,clean,51952409093|51952405468|51952183852,2026-05-02T07:20:59.917Z
36,53814,875,E90N,E90N 316d N47,e90n-316d-n47-51866,1220747,03_3013,BMW JUNIOR SEAT 2/3,03_3976,https://www.realoem.com/bmw/enUS/showparts?id=PR31-EUR-06-2009-E90N-BMW-316d&diagId=03_3976,6,83,0,clean,82222286187|82222405462|82222286188|82222405463|82222154115|82222154117|82222154118|82222154119|82222162871|82222162872|82220017039|82220017048|82220153302|82220142315|82220142316|82220153303|82220153304|82220148485|82220153305|82129408961|82220017042|82220142595|82220142596|82220403660|82220403662|82220403661|82220148779|82220017045|82220142312|82220144074|82220148780|82220305210|82220139315|82220139316|82220139317|82220300988|82222162867|82222162868|82222286185|82222286189|82222286186|82222348233|82222286183|82222286184|82222154120|82222154121|82222154122|82222154123|82222162878|82222162879|82220017039|82220142594|82222162885|82220148778|82220422577|82222154124|82222348238|82222154125|82222348245|82222154126|82222448816|82222154127|82222162881|82222162886|82222162883|82222348239|82220404299|82222348246|82220305209|82222449301|82220305206|82220305207|82220305208|82220403660|82220017044|82220017059|82220141997|82220142000|82220142592|82220142593|82220148484|82220148486|82222165894|82222348234|82222348236,2026-05-02T07:21:03.518Z
36,53815,875,E90N,E90N 316d N47,e90n-316d-n47-51866,1220756,03_5053,LED DOOR PROJECTOR,03_5053,https://www.realoem.com/bmw/enUS/showparts?id=PR31-EUR-06-2009-E90N-BMW-316d&diagId=03_5053,2,0,2,backfilled,63312468386|63312469631,2026-05-02T07:21:09.119Z
36,53816,875,E90N,E90N 316d N47,e90n-316d-n47-51866,1220732,03_2170,"FLASHLIGHT, LED",03_4165,https://www.realoem.com/bmw/enUS/showparts?id=PR31-EUR-06-2009-E90N-BMW-316d&diagId=03_4165,1,2,1,backfilled,63319148677|63319139112|63312410071,2026-05-02T07:21:12.317Z
36,53817,875,E90N,E90N 316d N47,e90n-316d-n47-51866,1220757,03_6179,BMW UV-C DISINFECTION LIGHT,03_6179,https://www.realoem.com/bmw/enUS/showparts?id=PR31-EUR-06-2009-E90N-BMW-316d&diagId=03_6179,0,0,0,parser_drift,,2026-05-02T07:21:13.319Z
36,53818,875,E90N,E90N 316d N47,e90n-316d-n47-51866,1220758,03_0229,EXTERIOR MIRROR FOR TOWING,03_0229,https://www.realoem.com/bmw/enUS/showparts?id=PR31-EUR-06-2009-E90N-BMW-316d&diagId=03_0229,2,0,2,backfilled,51162147245|82119413835,2026-05-02T07:21:16.617Z
36,53819,875,E90N,E90N 316d N47,e90n-316d-n47-51866,1220759,03_0263,BOOT LASHING STRAP,03_0263,https://www.realoem.com/bmw/enUS/showparts?id=PR31-EUR-06-2009-E90N-BMW-316d&diagId=03_0263,1,0,1,backfilled,71108045545,2026-05-02T07:21:18.920Z
36,53820,875,E90N,E90N 316d N47,e90n-316d-n47-51866,1220762,03_0296,LUGGAGE COMPARTMENT PAN,03_0296,https://www.realoem.com/bmw/enUS/showparts?id=PR31-EUR-06-2009-E90N-BMW-316d&diagId=03_0296,1,0,1,backfilled,51470397601|51472153676|51472153669|51472303796|51472303797|51472303798,2026-05-02T07:21:21.918Z
36,53821,875,E90N,E90N 316d N47,e90n-316d-n47-51866,1220761,03_0273,FITTED LUGGAGE COMPARTMENT MAT,03_0273,https://www.realoem.com/bmw/enUS/showparts?id=PR31-EUR-06-2009-E90N-BMW-316d&diagId=03_0273,1,0,1,backfilled,51470397600,2026-05-02T07:21:23.720Z
36,53822,875,E90N,E90N 316d N47,e90n-316d-n47-51866,1220763,03_0309,"LUGGAGE COMPATMENT BOX ""MULTIFIX""",03_0309,https://www.realoem.com/bmw/enUS/showparts?id=PR31-EUR-06-2009-E90N-BMW-316d&diagId=03_0309,1,0,1,backfilled,82129400851,2026-05-02T07:21:26.717Z
36,53823,875,E90N,E90N 316d N47,e90n-316d-n47-51866,1220762,03_0296,LUGGAGE COMPARTMENT PAN,03_0310,https://www.realoem.com/bmw/enUS/showparts?id=PR31-EUR-06-2009-E90N-BMW-316d&diagId=03_0310,5,1,5,backfilled,51470397601|51472153676|51472153669|51472303796|51472303797|51472303798,2026-05-02T07:21:29.719Z
36,53824,875,E90N,E90N 316d N47,e90n-316d-n47-51866,1220760,03_0270,BOOT/TRUNK FLOOR NET,03_0270,https://www.realoem.com/bmw/enUS/showparts?id=PR31-EUR-06-2009-E90N-BMW-316d&diagId=03_0270,1,0,1,backfilled,51470010557|51476953753|51477131153|51476955265|51476955266,2026-05-02T07:21:35.218Z
36,53825,875,E90N,E90N 316d N47,e90n-316d-n47-51866,1220764,03_0347,LUGGAGE COMPARTMENT CLAMPING BELTS,03_0347,https://www.realoem.com/bmw/enUS/showparts?id=PR31-EUR-06-2009-E90N-BMW-316d&diagId=03_0347,1,0,1,backfilled,82290414248,2026-05-02T07:21:35.518Z
36,53826,875,E90N,E90N 316d N47,e90n-316d-n47-51866,1220765,03_1042,"RETROFIT KIT, TOWING HITCH",03_1042,https://www.realoem.com/bmw/enUS/showparts?id=PR31-EUR-06-2009-E90N-BMW-316d&diagId=03_1042,0,0,0,parser_drift,71606791155|71606791156|71606791150|71602156303|71602156301|71606758766|71606781658,2026-05-02T07:21:38.717Z
36,53827,875,E90N,E90N 316d N47,e90n-316d-n47-51866,1220760,03_0270,BOOT/TRUNK FLOOR NET,03_0488,https://www.realoem.com/bmw/enUS/showparts?id=PR31-EUR-06-2009-E90N-BMW-316d&diagId=03_0488,4,1,4,backfilled,51470010557|51476953753|51477131153|51476955265|51476955266,2026-05-02T07:21:40.811Z
36,53828,875,E90N,E90N 316d N47,e90n-316d-n47-51866,1220766,03_1105,TOW BAR,03_1105,https://www.realoem.com/bmw/enUS/showparts?id=PR31-EUR-06-2009-E90N-BMW-316d&diagId=03_1105,1,0,1,backfilled,82110409954,2026-05-02T07:21:43.817Z
36,53829,875,E90N,E90N 316d N47,e90n-316d-n47-51866,1220765,03_1042,"RETROFIT KIT, TOWING HITCH",03_1043,https://www.realoem.com/bmw/enUS/showparts?id=PR31-EUR-06-2009-E90N-BMW-316d&diagId=03_1043,7,0,7,backfilled,71606791155|71606791156|71606791150|71602156303|71602156301|71606758766|71606781658,2026-05-02T07:21:45.618Z
36,53830,875,E90N,E90N 316d N47,e90n-316d-n47-51866,1220767,03_1111,TOW ROPE,03_1111,https://www.realoem.com/bmw/enUS/showparts?id=PR31-EUR-06-2009-E90N-BMW-316d&diagId=03_1111,1,0,1,backfilled,82129406650,2026-05-02T07:21:45.718Z
36,53831,875,E90N,E90N 316d N47,e90n-316d-n47-51866,1220768,03_1163,UNIVERSAL PRODECTIVE REAR COVER,03_1163,https://www.realoem.com/bmw/enUS/showparts?id=PR31-EUR-06-2009-E90N-BMW-316d&diagId=03_1163,1,0,1,backfilled,52300391107,2026-05-02T07:21:49.918Z
36,53832,875,E90N,E90N 316d N47,e90n-316d-n47-51866,1220769,03_1391,NON-SKID MAT,03_1391,https://www.realoem.com/bmw/enUS/showparts?id=PR31-EUR-06-2009-E90N-BMW-316d&diagId=03_1391,1,0,1,backfilled,82129413180|51470442751,2026-05-02T07:21:51.817Z
36,53833,875,E90N,E90N 316d N47,e90n-316d-n47-51866,1220770,03_1415,RETROFIT:ODDMENTS TRAY UNDER LOAD. FLOOR,03_1415,https://www.realoem.com/bmw/enUS/showparts?id=PR31-EUR-06-2009-E90N-BMW-316d&diagId=03_1415,2,0,2,backfilled,51477146048|51477146050,2026-05-02T07:21:56.318Z
36,53834,875,E90N,E90N 316d N47,e90n-316d-n47-51866,1220771,03_1416,RETROFIT:ODDMENTS TRAY LUGGAGE COMPARTM.,03_1416,https://www.realoem.com/bmw/enUS/showparts?id=PR31-EUR-06-2009-E90N-BMW-316d&diagId=03_1416,6,0,6,backfilled,51477140606|51477152788|51477131154|51477131152|07149158226|52207115704,2026-05-02T07:21:59.617Z
36,53835,875,E90N,E90N 316d N47,e90n-316d-n47-51866,1220769,03_1391,NON-SKID MAT,03_1478,https://www.realoem.com/bmw/enUS/showparts?id=PR31-EUR-06-2009-E90N-BMW-316d&diagId=03_1478,1,1,1,backfilled,82129413180|51470442751,2026-05-02T07:22:02.217Z
36,53836,875,E90N,E90N 316d N47,e90n-316d-n47-51866,1220772,03_1472,PROTECTIVE MAT FOR LOADING EDGE,03_1472,https://www.realoem.com/bmw/enUS/showparts?id=PR31-EUR-06-2009-E90N-BMW-316d&diagId=03_1472,2,0,2,backfilled,51472159185|51472407204,2026-05-02T07:22:02.218Z
36,53837,875,E90N,E90N 316d N47,e90n-316d-n47-51866,1220773,03_1548,LOAD COMPARTMENT PROTECTIVE COVER,03_1548,https://www.realoem.com/bmw/enUS/showparts?id=PR31-EUR-06-2009-E90N-BMW-316d&diagId=03_1548,2,0,2,backfilled,51470399354|51470397913,2026-05-02T07:22:06.617Z
36,53838,875,E90N,E90N 316d N47,e90n-316d-n47-51866,1220774,03_3147,ROOF RACK,03_3147,https://www.realoem.com/bmw/enUS/showparts?id=PR31-EUR-06-2009-E90N-BMW-316d&diagId=03_3147,9,0,9,backfilled,82710152991|82710403104|82790392009|82790392011|82790392010|82120393629|82792355984|01290403105|82712289107|82722472964|82722472966|82722472968|82792469479|82792469480,2026-05-02T07:22:13.349Z
36,53839,875,E90N,E90N 316d N47,e90n-316d-n47-51866,1220775,03_3167,ROOF BOX,03_3167,https://www.realoem.com/bmw/enUS/showparts?id=PR31-EUR-06-2009-E90N-BMW-316d&diagId=03_3167,8,0,8,backfilled,82730300926|82730300927|82730300928|82730300929|82730300930|82730300931|82730300932|82732159030|82730391366|82730412014|82730412015|82732326510|82732326511|82730412018|82730412019|82792444005|82790148388|82732159029|51142406718|51142406719,2026-05-02T07:22:15.618Z
36,53840,875,E90N,E90N 316d N47,e90n-316d-n47-51866,1220775,03_3167,ROOF BOX,03_3184,https://www.realoem.com/bmw/enUS/showparts?id=PR31-EUR-06-2009-E90N-BMW-316d&diagId=03_3184,8,7,1,backfilled,82730300926|82730300927|82730300928|82730300929|82730300930|82730300931|82730300932|82732159030|82730391366|82730412014|82730412015|82732326510|82732326511|82730412018|82730412019|82792444005|82790148388|82732159029|51142406718|51142406719,2026-05-02T07:22:16.118Z
36,53841,875,E90N,E90N 316d N47,e90n-316d-n47-51866,1220776,03_3179,ROOF-MOUNTED CONTAINER 320 LCI,03_3179,https://www.realoem.com/bmw/enUS/showparts?id=PR31-EUR-06-2009-E90N-BMW-316d&diagId=03_3179,15,0,15,backfilled,82732209906|82732209907|82732326508|82732326509|82730412018|82730412019|82730300928|82792444005|82730300930|82790148388|82730300931|82730300932|82732209908|51142406714|51142406717,2026-05-02T07:22:33.117Z
36,53842,875,E90N,E90N 316d N47,e90n-316d-n47-51866,1220777,03_3193,RACING BIKE RACK,03_3193,https://www.realoem.com/bmw/enUS/showparts?id=PR31-EUR-06-2009-E90N-BMW-316d&diagId=03_3193,6,0,6,backfilled,82720393083|82720144049|82790306999|82720154315|82722150270|82792152567|82722326514|82732182449|82712349649,2026-05-02T07:22:34.538Z
36,53843,875,E90N,E90N 316d N47,e90n-316d-n47-51866,1220775,03_3167,ROOF BOX,03_3185,https://www.realoem.com/bmw/enUS/showparts?id=PR31-EUR-06-2009-E90N-BMW-316d&diagId=03_3185,15,9,11,backfilled,82730300926|82730300927|82730300928|82730300929|82730300930|82730300931|82730300932|82732159030|82730391366|82730412014|82730412015|82732326510|82732326511|82730412018|82730412019|82792444005|82790148388|82732159029|51142406718|51142406719,2026-05-02T07:22:35.417Z
36,53844,875,E90N,E90N 316d N47,e90n-316d-n47-51866,1220777,03_3193,RACING BIKE RACK,03_3196,https://www.realoem.com/bmw/enUS/showparts?id=PR31-EUR-06-2009-E90N-BMW-316d&diagId=03_3196,3,6,3,backfilled,82720393083|82720144049|82790306999|82720154315|82722150270|82792152567|82722326514|82732182449|82712349649,2026-05-02T07:22:38.721Z
36,53845,875,E90N,E90N 316d N47,e90n-316d-n47-51866,1220778,03_3204,BICYCLE LIFT,03_3204,https://www.realoem.com/bmw/enUS/showparts?id=PR31-EUR-06-2009-E90N-BMW-316d&diagId=03_3204,11,0,11,backfilled,82119404098|82729407932|82799404356|82799404357|82799404358|82799405417|82799404360|82799404361|82790000507|82799404362|82799404363,2026-05-02T07:22:45.317Z
36,53846,875,E90N,E90N 316d N47,e90n-316d-n47-51866,1220780,03_3274,SKI/SNOWBOARD HOLDER,03_3274,https://www.realoem.com/bmw/enUS/showparts?id=PR31-EUR-06-2009-E90N-BMW-316d&diagId=03_3274,3,0,3,backfilled,82720406587|82720144049|82720303536|82722326527|82792457871|82792464426|01292326529,2026-05-02T07:22:46.318Z
36,53847,875,E90N,E90N 316d N47,e90n-316d-n47-51866,1220779,03_3219,TOURING BICYCLE HOLDER,03_3230,https://www.realoem.com/bmw/enUS/showparts?id=PR31-EUR-06-2009-E90N-BMW-316d&diagId=03_3230,3,0,3,backfilled,82720137716|82712166924|82720154315|82720144049|82732182449|82712349649|82720303536|82790306999,2026-05-02T07:22:46.517Z
36,53848,875,E90N,E90N 316d N47,e90n-316d-n47-51866,1220779,03_3219,TOURING BICYCLE HOLDER,03_3219,https://www.realoem.com/bmw/enUS/showparts?id=PR31-EUR-06-2009-E90N-BMW-316d&diagId=03_3219,5,0,5,backfilled,82720137716|82712166924|82720154315|82720144049|82732182449|82712349649|82720303536|82790306999,2026-05-02T07:22:46.717Z
36,53849,875,E90N,E90N 316d N47,e90n-316d-n47-51866,1220781,03_3279,SUPPORT TUBE HEIGHT EXTENSION,03_3279,https://www.realoem.com/bmw/enUS/showparts?id=PR31-EUR-06-2009-E90N-BMW-316d&diagId=03_3279,2,0,2,backfilled,82710443100|82720396990,2026-05-02T07:22:54.317Z
36,53850,875,E90N,E90N 316d N47,e90n-316d-n47-51866,1220783,03_3301,LUGGAGE BASKET ALUMINIUM,03_3301,https://www.realoem.com/bmw/enUS/showparts?id=PR31-EUR-06-2009-E90N-BMW-316d&diagId=03_3301,5,0,5,backfilled,82120442358|82120442852|82120442854|82120442855|82129413113,2026-05-02T07:23:01.417Z
36,53851,875,E90N,E90N 316d N47,e90n-316d-n47-51866,1220784,03_3308,UNIVERSAL SUPPORT,03_3308,https://www.realoem.com/bmw/enUS/showparts?id=PR31-EUR-06-2009-E90N-BMW-316d&diagId=03_3308,5,0,5,backfilled,82729404687|82720142278|82799404916|82799404917|82129413113,2026-05-02T07:23:01.718Z
36,53852,875,E90N,E90N 316d N47,e90n-316d-n47-51866,1220782,03_3290,SURFBOARD RACK,03_3290,https://www.realoem.com/bmw/enUS/showparts?id=PR31-EUR-06-2009-E90N-BMW-316d&diagId=03_3290,11,0,11,backfilled,82729402896|82119413836|82119413833|82129413113|82129413114|82729402939|82129401419|82129413107|82799402929|82129413171|82129413120,2026-05-02T07:23:09.118Z
36,53853,875,E90N,E90N 316d N47,e90n-316d-n47-51866,1220785,03_3358,"BICYCLE CARRIER, TRAILER COUPLING",03_3358,https://www.realoem.com/bmw/enUS/showparts?id=PR31-EUR-06-2009-E90N-BMW-316d&diagId=03_3358,23,0,18,backfilled,82720399099|82720145795|82790142768|82790142769|82790422670|82720142772|82799404852|82790149187|82799408514|82790149188|82722155590|82790149242|82712157691|82790149243|82722155591|82790149191|82722159331|82722158967|82722159333|82722159334|82722159329|82722159337|82722159336|82722159338|82722159340|82710421333|82792449919|82710421332|82792449920,2026-05-02T07:23:18.317Z
36,53854,875,E90N,E90N 316d N47,e90n-316d-n47-51866,1220785,03_3358,"BICYCLE CARRIER, TRAILER COUPLING",03_3359,https://www.realoem.com/bmw/enUS/showparts?id=PR31-EUR-06-2009-E90N-BMW-316d&diagId=03_3359,11,8,11,backfilled,82720399099|82720145795|82790142768|82790142769|82790422670|82720142772|82799404852|82790149187|82799408514|82790149188|82722155590|82790149242|82712157691|82790149243|82722155591|82790149191|82722159331|82722158967|82722159333|82722159334|82722159329|82722159337|82722159336|82722159338|82722159340|82710421333|82792449919|82710421332|82792449920,2026-05-02T07:23:18.418Z
36,53855,875,E90N,E90N 316d N47,e90n-316d-n47-51866,1220786,03_3360,REAR BICYCLE CARRIER,03_3360,https://www.realoem.com/bmw/enUS/showparts?id=PR31-EUR-06-2009-E90N-BMW-316d&diagId=03_3360,18,0,18,backfilled,82722211177|82722220053|82712220393|82712220392|82712157699|82712157691|82722155591|82712157690|82722159331|82722159333|82722159334|82722159329|82722159340|82722159336|82722159338|82712220394|82712220397|82712220398|82712220399|82710421333|82792449919|82710421332|82792449920|82710421335|82710421334|82722159337|82720303536|82720144049|01292220234|82722221031|82722296746|82722296747|82792361511|82722234056|82722234059|82722295786|82722289653|82722295788|82722295787|82722295789|82722459970|82722459971|82722459972|82722299712|82722295800|82722299709|82722299710|82722459969|82722287886|82722459968|82722287888|82722299707|82722299708|82722409510|01292234083|82722338490|82792433206|01292287889,2026-05-02T07:23:24.018Z
36,53856,875,E90N,E90N 316d N47,e90n-316d-n47-51866,1220786,03_3360,REAR BICYCLE CARRIER,03_3363,https://www.realoem.com/bmw/enUS/showparts?id=PR31-EUR-06-2009-E90N-BMW-316d&diagId=03_3363,21,10,21,backfilled,82722211177|82722220053|82712220393|82712220392|82712157699|82712157691|82722155591|82712157690|82722159331|82722159333|82722159334|82722159329|82722159340|82722159336|82722159338|82712220394|82712220397|82712220398|82712220399|82710421333|82792449919|82710421332|82792449920|82710421335|82710421334|82722159337|82720303536|82720144049|01292220234|82722221031|82722296746|82722296747|82792361511|82722234056|82722234059|82722295786|82722289653|82722295788|82722295787|82722295789|82722459970|82722459971|82722459972|82722299712|82722295800|82722299709|82722299710|82722459969|82722287886|82722459968|82722287888|82722299707|82722299708|82722409510|01292234083|82722338490|82792433206|01292287889,2026-05-02T07:23:38.217Z
36,53857,875,E90N,E90N 316d N47,e90n-316d-n47-51866,1220786,03_3360,REAR BICYCLE CARRIER,03_3364,https://www.realoem.com/bmw/enUS/showparts?id=PR31-EUR-06-2009-E90N-BMW-316d&diagId=03_3364,20,31,4,backfilled,82722211177|82722220053|82712220393|82712220392|82712157699|82712157691|82722155591|82712157690|82722159331|82722159333|82722159334|82722159329|82722159340|82722159336|82722159338|82712220394|82712220397|82712220398|82712220399|82710421333|82792449919|82710421332|82792449920|82710421335|82710421334|82722159337|82720303536|82720144049|01292220234|82722221031|82722296746|82722296747|82792361511|82722234056|82722234059|82722295786|82722289653|82722295788|82722295787|82722295789|82722459970|82722459971|82722459972|82722299712|82722295800|82722299709|82722299710|82722459969|82722287886|82722459968|82722287888|82722299707|82722299708|82722409510|01292234083|82722338490|82792433206|01292287889,2026-05-02T07:23:38.818Z
36,53858,875,E90N,E90N 316d N47,e90n-316d-n47-51866,1220786,03_3360,REAR BICYCLE CARRIER,03_3365,https://www.realoem.com/bmw/enUS/showparts?id=PR31-EUR-06-2009-E90N-BMW-316d&diagId=03_3365,23,32,4,backfilled,82722211177|82722220053|82712220393|82712220392|82712157699|82712157691|82722155591|82712157690|82722159331|82722159333|82722159334|82722159329|82722159340|82722159336|82722159338|82712220394|82712220397|82712220398|82712220399|82710421333|82792449919|82710421332|82792449920|82710421335|82710421334|82722159337|82720303536|82720144049|01292220234|82722221031|82722296746|82722296747|82792361511|82722234056|82722234059|82722295786|82722289653|82722295788|82722295787|82722295789|82722459970|82722459971|82722459972|82722299712|82722295800|82722299709|82722299710|82722459969|82722287886|82722459968|82722287888|82722299707|82722299708|82722409510|01292234083|82722338490|82792433206|01292287889,2026-05-02T07:23:38.818Z
36,53859,875,E90N,E90N 316d N47,e90n-316d-n47-51866,1220786,03_3360,REAR BICYCLE CARRIER,03_3367,https://www.realoem.com/bmw/enUS/showparts?id=PR31-EUR-06-2009-E90N-BMW-316d&diagId=03_3367,12,40,11,backfilled,82722211177|82722220053|82712220393|82712220392|82712157699|82712157691|82722155591|82712157690|82722159331|82722159333|82722159334|82722159329|82722159340|82722159336|82722159338|82712220394|82712220397|82712220398|82712220399|82710421333|82792449919|82710421332|82792449920|82710421335|82710421334|82722159337|82720303536|82720144049|01292220234|82722221031|82722296746|82722296747|82792361511|82722234056|82722234059|82722295786|82722289653|82722295788|82722295787|82722295789|82722459970|82722459971|82722459972|82722299712|82722295800|82722299709|82722299710|82722459969|82722287886|82722459968|82722287888|82722299707|82722299708|82722409510|01292234083|82722338490|82792433206|01292287889,2026-05-02T07:23:46.518Z
36,53860,875,E90N,E90N 316d N47,e90n-316d-n47-51866,1220787,03_3370,CLICK-ON / ECE TRAILER COUPLING,03_3370,https://www.realoem.com/bmw/enUS/showparts?id=PR31-EUR-06-2009-E90N-BMW-316d&diagId=03_3370,3,0,3,backfilled,71606772024|82712157719|82712157718,2026-05-02T07:23:53.717Z
36,53861,875,E90N,E90N 316d N47,e90n-316d-n47-51866,1220788,03_3386,UNIVERSAL HOIST,03_3386,https://www.realoem.com/bmw/enUS/showparts?id=PR31-EUR-06-2009-E90N-BMW-316d&diagId=03_3386,2,0,2,backfilled,82719407926|82719404400,2026-05-02T07:23:54.517Z
36,53862,875,E90N,E90N 316d N47,e90n-316d-n47-51866,1220789,03_3849,SET OF LIFTING JACK,03_3849,https://www.realoem.com/bmw/enUS/showparts?id=PR31-EUR-06-2009-E90N-BMW-316d&diagId=03_3849,0,0,0,parser_drift,,2026-05-02T07:23:59.517Z
36,53863,875,E90N,E90N 316d N47,e90n-316d-n47-51866,1220791,03_3865,"TWIN ELECTRICS, CARAVAN LEADS",03_3865,https://www.realoem.com/bmw/enUS/showparts?id=PR31-EUR-06-2009-E90N-BMW-316d&diagId=03_3865,2,0,2,backfilled,71602166455|71602166456,2026-05-02T07:24:16.818Z
36,53864,875,E90N,E90N 316d N47,e90n-316d-n47-51866,1220780,03_3274,SKI/SNOWBOARD HOLDER,03_4602,https://www.realoem.com/bmw/enUS/showparts?id=PR31-EUR-06-2009-E90N-BMW-316d&diagId=03_4602,4,3,4,backfilled,82720406587|82720144049|82720303536|82722326527|82792457871|82792464426|01292326529,2026-05-02T07:24:17.518Z
36,53865,875,E90N,E90N 316d N47,e90n-316d-n47-51866,1220790,03_3857,TIRE MOBILITY SET,03_3857,https://www.realoem.com/bmw/enUS/showparts?id=PR31-EUR-06-2009-E90N-BMW-316d&diagId=03_3857,5,0,5,backfilled,71100415035|71102333674|01290413435|71106777047|71100415040,2026-05-02T07:24:19.717Z
36,53866,875,E90N,E90N 316d N47,e90n-316d-n47-51866,1220792,03_4988,ROOF CARRIER 320 / 420 / 520,03_4988,https://www.realoem.com/bmw/enUS/showparts?id=PR31-EUR-06-2009-E90N-BMW-316d&diagId=03_4988,8,0,8,backfilled,82732420634|82732406460|82732406459|82730412018|82792420690|82792444005|82730300931|51767288752,2026-05-02T07:24:23.518Z
36,53867,875,E90N,E90N 316d N47,e90n-316d-n47-51866,1220659,03_0082,"RETROFIT, SERVOTRONIC",03_0078,https://www.realoem.com/bmw/enUS/showparts?id=PR31-EUR-06-2009-E90N-BMW-316d&diagId=03_0078,0,0,0,parser_drift,32102159383|32106796480,2026-05-02T07:24:24.617Z
36,53868,875,E90N,E90N 316d N47,e90n-316d-n47-51866,1220774,03_3147,ROOF RACK,03_5408,https://www.realoem.com/bmw/enUS/showparts?id=PR31-EUR-06-2009-E90N-BMW-316d&diagId=03_5408,5,9,5,backfilled,82710152991|82710403104|82790392009|82790392011|82790392010|82120393629|82792355984|01290403105|82712289107|82722472964|82722472966|82722472968|82792469479|82792469480,2026-05-02T07:24:26.917Z
36,53869,875,E90N,E90N 316d N47,e90n-316d-n47-51866,1220659,03_0082,"RETROFIT, SERVOTRONIC",03_0081,https://www.realoem.com/bmw/enUS/showparts?id=PR31-EUR-06-2009-E90N-BMW-316d&diagId=03_0081,1,1,1,backfilled,32102159383|32106796480,2026-05-02T07:24:28.118Z
36,53870,875,E90N,E90N 316d N47,e90n-316d-n47-51866,1220795,03_0965,INSTALLATION KIT ALARM SYSTEM,03_0965,https://www.realoem.com/bmw/enUS/showparts?id=PR31-EUR-06-2009-E90N-BMW-316d&diagId=03_0965,3,0,3,backfilled,65120399635|61122163192|65122167738,2026-05-02T07:24:49.619Z
36,53871,875,E90N,E90N 316d N47,e90n-316d-n47-51866,1220794,03_2124,SINGLE PARTS FOR M SPORT SUSPENSION,03_2124,https://www.realoem.com/bmw/enUS/showparts?id=PR31-EUR-06-2009-E90N-BMW-316d&diagId=03_2124,16,0,16,backfilled,31316786007|31316786008|33326760346|33326760668|33526771729|33506771737|33506784003|31356796302|31306787016|31356796306|33556764424|33556761001|83192405829|33536767335|31306775098|33502157566,2026-05-02T07:24:49.917Z
36,53872,875,E90N,E90N 316d N47,e90n-316d-n47-51866,1220793,03_0244,TAILPIPE TIP,03_0244,https://www.realoem.com/bmw/enUS/showparts?id=PR31-EUR-06-2009-E90N-BMW-316d&diagId=03_0244,4,0,4,backfilled,18302160452|18307618464|18302163710|18307618463,2026-05-02T07:24:57.017Z
36,53873,875,E90N,E90N 316d N47,e90n-316d-n47-51866,1220797,03_1223,DVB-T SET-TOP BOX,03_1223,https://www.realoem.com/bmw/enUS/showparts?id=PR31-EUR-06-2009-E90N-BMW-316d&diagId=03_1223,10,0,10,backfilled,65120412998|65120414749|65120415363|65120414333|65120412999|61136954554|61131383776|61136913626|61131393724|61136913644,2026-05-02T07:25:06.717Z
36,53874,875,E90N,E90N 316d N47,e90n-316d-n47-51866,1220796,03_1212,DVD-SYSTEM PORTABLE,03_1226,https://www.realoem.com/bmw/enUS/showparts?id=PR31-EUR-06-2009-E90N-BMW-316d&diagId=03_1226,14,8,13,backfilled,65122209346|65122293744|65122160230|65122293745|65122160231|65122166594|65122166597|65122166593|65122167835|65122166599|65122310487|65122147946|65122160482|65120398188|65759149674|51447075109|51447075110|51447919702|65120398189|65120398174|65120411756|65120411761|63316974432|65120411759|65120428640|65120428641|65120398187|65120428643|65120428642|65120398180|65120398181|65122160479|65120398177|65120398178|65120405114|65120405115|65120405116|65120406904|65120402516|65120409788|65120428672|61310433518|65120414748|65120415363|65120417650|65120414747|65120415434|61138377072|61131393724,2026-05-02T07:25:09.021Z
36,53875,875,E90N,E90N 316d N47,e90n-316d-n47-51866,1220798,03_1229,DVD SYSTEM TABLET SINGLE,03_1229,https://www.realoem.com/bmw/enUS/showparts?id=PR31-EUR-06-2009-E90N-BMW-316d&diagId=03_1229,1,0,1,backfilled,65122317994,2026-05-02T07:25:12.118Z
36,53876,875,E90N,E90N 316d N47,e90n-316d-n47-51866,1220796,03_1212,DVD-SYSTEM PORTABLE,03_1212,https://www.realoem.com/bmw/enUS/showparts?id=PR31-EUR-06-2009-E90N-BMW-316d&diagId=03_1212,36,0,36,backfilled,65122209346|65122293744|65122160230|65122293745|65122160231|65122166594|65122166597|65122166593|65122167835|65122166599|65122310487|65122147946|65122160482|65120398188|65759149674|51447075109|51447075110|51447919702|65120398189|65120398174|65120411756|65120411761|63316974432|65120411759|65120428640|65120428641|65120398187|65120428643|65120428642|65120398180|65120398181|65122160479|65120398177|65120398178|65120405114|65120405115|65120405116|65120406904|65120402516|65120409788|65120428672|61310433518|65120414748|65120415363|65120417650|65120414747|65120415434|61138377072|61131393724,2026-05-02T07:25:15.118Z
36,53877,875,E90N,E90N 316d N47,e90n-316d-n47-51866,1220799,03_1261,"RETROFIT KIT, CD-CHANGER",03_1261,https://www.realoem.com/bmw/enUS/showparts?id=PR31-EUR-06-2009-E90N-BMW-316d&diagId=03_1261,0,0,0,parser_drift,65122151906|65129196669,2026-05-02T07:25:15.317Z
36,53878,875,E90N,E90N 316d N47,e90n-316d-n47-51866,1220800,03_1289,IPOD CONNECTION RETROFIT KIT,03_1299,https://www.realoem.com/bmw/enUS/showparts?id=PR31-EUR-06-2009-E90N-BMW-316d&diagId=03_1299,1,0,1,backfilled,65410404330|65410427467|65410007392|61120428382|65112154178|01290428691|61120429721|65412160342|65410411033|61120412795|65112154179|01292152326,2026-05-02T07:25:20.718Z
36,53879,875,E90N,E90N 316d N47,e90n-316d-n47-51866,1220799,03_1261,"RETROFIT KIT, CD-CHANGER",03_1273,https://www.realoem.com/bmw/enUS/showparts?id=PR31-EUR-06-2009-E90N-BMW-316d&diagId=03_1273,2,0,2,backfilled,65122151906|65129196669,2026-05-02T07:25:22.917Z
36,53880,875,E90N,E90N 316d N47,e90n-316d-n47-51866,1220800,03_1289,IPOD CONNECTION RETROFIT KIT,03_1296,https://www.realoem.com/bmw/enUS/showparts?id=PR31-EUR-06-2009-E90N-BMW-316d&diagId=03_1296,6,1,6,backfilled,65410404330|65410427467|65410007392|61120428382|65112154178|01290428691|61120429721|65412160342|65410411033|61120412795|65112154179|01292152326,2026-05-02T07:25:24.618Z
36,53881,875,E90N,E90N 316d N47,e90n-316d-n47-51866,1220800,03_1289,IPOD CONNECTION RETROFIT KIT,03_1289,https://www.realoem.com/bmw/enUS/showparts?id=PR31-EUR-06-2009-E90N-BMW-316d&diagId=03_1289,5,7,5,backfilled,65410404330|65410427467|65410007392|61120428382|65112154178|01290428691|61120429721|65412160342|65410411033|61120412795|65112154179|01292152326,2026-05-02T07:25:28.317Z
36,53882,875,E90N,E90N 316d N47,e90n-316d-n47-51866,1220801,03_1300,CHARGER ADAPTER FOR APPLE IPOD / IPHONE,03_1300,https://www.realoem.com/bmw/enUS/showparts?id=PR31-EUR-06-2009-E90N-BMW-316d&diagId=03_1300,1,0,1,backfilled,61122338491|61122408012|61122344300|61122220019|61122458607|61122167663,2026-05-02T07:25:33.118Z
36,53883,875,E90N,E90N 316d N47,e90n-316d-n47-51866,1220801,03_1300,CHARGER ADAPTER FOR APPLE IPOD / IPHONE,03_1303,https://www.realoem.com/bmw/enUS/showparts?id=PR31-EUR-06-2009-E90N-BMW-316d&diagId=03_1303,5,0,5,backfilled,61122338491|61122408012|61122344300|61122220019|61122458607|61122167663,2026-05-02T07:25:34.417Z
36,53884,875,E90N,E90N 316d N47,e90n-316d-n47-51866,1220802,03_1316,"HIFI SYSTEM, ALPINE",03_1316,https://www.realoem.com/bmw/enUS/showparts?id=PR31-EUR-06-2009-E90N-BMW-316d&diagId=03_1316,4,0,4,backfilled,65412163268|51337171201|51337171202|65410445683,2026-05-02T07:25:38.117Z
36,53885,875,E90N,E90N 316d N47,e90n-316d-n47-51866,1220803,03_1510,BMW USB CHARGER,03_1510,https://www.realoem.com/bmw/enUS/showparts?id=PR31-EUR-06-2009-E90N-BMW-316d&diagId=03_1510,3,0,3,backfilled,65412458284|65412458285|65412458286,2026-05-02T07:25:38.418Z
36,53886,875,E90N,E90N 316d N47,e90n-316d-n47-51866,1220805,03_1518,BASIC HANDS-FREE SYSTEM WITH USB/AUDIO,03_1518,https://www.realoem.com/bmw/enUS/showparts?id=PR31-EUR-06-2009-E90N-BMW-316d&diagId=03_1518,3,0,3,backfilled,65412152528|84132210463|84109207360,2026-05-02T07:25:41.817Z
36,53887,875,E90N,E90N 316d N47,e90n-316d-n47-51866,1220804,03_1516,ADAPTER CABLE MICRO-USB OR USB TYPE C,03_1516,https://www.realoem.com/bmw/enUS/showparts?id=PR31-EUR-06-2009-E90N-BMW-316d&diagId=03_1516,3,0,3,backfilled,61122336423|61122458608|61122458609,2026-05-02T07:25:45.717Z
36,53888,875,E90N,E90N 316d N47,e90n-316d-n47-51866,1220807,03_2466,TRACKING PRODUCTS,03_2466,https://www.realoem.com/bmw/enUS/showparts?id=PR31-EUR-06-2009-E90N-BMW-316d&diagId=03_2466,2,0,2,backfilled,65122158656|65122158657,2026-05-02T07:25:46.518Z
36,53889,875,E90N,E90N 316d N47,e90n-316d-n47-51866,1220806,03_2453,RETROFIT KIT USB/AUDIO INTERFACE,03_2453,https://www.realoem.com/bmw/enUS/showparts?id=PR31-EUR-06-2009-E90N-BMW-316d&diagId=03_2453,1,0,1,backfilled,65410445465,2026-05-02T07:25:49.319Z
36,53890,875,E90N,E90N 316d N47,e90n-316d-n47-51866,1220808,03_2745,BMW ANTENNA AMPLIFIER FOR MOBILE PHONE,03_2745,https://www.realoem.com/bmw/enUS/showparts?id=PR31-EUR-06-2009-E90N-BMW-316d&diagId=03_2745,1,0,1,backfilled,84202357586,2026-05-02T07:25:50.717Z
36,53891,875,E90N,E90N 316d N47,e90n-316d-n47-51866,1220809,03_2747,SNAP-IN ADAPTER - REMINDER,03_2747,https://www.realoem.com/bmw/enUS/showparts?id=PR31-EUR-06-2009-E90N-BMW-316d&diagId=03_2747,1,0,1,backfilled,84202349318|84212365783|84212449963|84212449993|61122287221|84212412967,2026-05-02T07:25:54.518Z
36,53892,875,E90N,E90N 316d N47,e90n-316d-n47-51866,1220810,03_2749,SNAP-IN ADAPTER FOR SAMSUNG DEVICES,03_2749,https://www.realoem.com/bmw/enUS/showparts?id=PR31-EUR-06-2009-E90N-BMW-316d&diagId=03_2749,5,0,5,backfilled,84212357439|84212338575|84212338572|84212354867|84212338567|84210393570|84210415023|84210442784|84210442785|84210442786|84210307726|84216935653|84219126543|84219120911|84210413036|84216973983|84109143740|84210444643|84212160142|84210304651|84212179636|84212155175|84212155176|84212208720|84212219364|84212221945|84210442787|84212160140|84210445593|84212160141|84212146900|84219224416|84212289715|84212351307|84212199389|84212158682|84109182792|84212298308|84212218391|84212365785|84212199390|84212158683|84109164213|84212162534|84212298309|84219229004|84212444362,2026-05-02T07:26:01.218Z
36,53893,875,E90N,E90N 316d N47,e90n-316d-n47-51866,1220811,03_2750,"SNAP-IN ADAPTER, BLACKBERRY/RIM DEVICES",03_2750,https://www.realoem.com/bmw/enUS/showparts?id=PR31-EUR-06-2009-E90N-BMW-316d&diagId=03_2750,8,0,8,backfilled,84210445596|84212154663|84212179637|84212157558|84210439151|84212199395|84212315828|84212296110,2026-05-02T07:26:04.617Z
36,53894,875,E90N,E90N 316d N47,e90n-316d-n47-51866,1220810,03_2749,SNAP-IN ADAPTER FOR SAMSUNG DEVICES,03_2751,https://www.realoem.com/bmw/enUS/showparts?id=PR31-EUR-06-2009-E90N-BMW-316d&diagId=03_2751,6,5,6,backfilled,84212357439|84212338575|84212338572|84212354867|84212338567|84210393570|84210415023|84210442784|84210442785|84210442786|84210307726|84216935653|84219126543|84219120911|84210413036|84216973983|84109143740|84210444643|84212160142|84210304651|84212179636|84212155175|84212155176|84212208720|84212219364|84212221945|84210442787|84212160140|84210445593|84212160141|84212146900|84219224416|84212289715|84212351307|84212199389|84212158682|84109182792|84212298308|84212218391|84212365785|84212199390|84212158683|84109164213|84212162534|84212298309|84219229004|84212444362,2026-05-02T07:26:04.919Z
36,53895,875,E90N,E90N 316d N47,e90n-316d-n47-51866,1220810,03_2749,SNAP-IN ADAPTER FOR SAMSUNG DEVICES,03_2752,https://www.realoem.com/bmw/enUS/showparts?id=PR31-EUR-06-2009-E90N-BMW-316d&diagId=03_2752,3,11,3,backfilled,84212357439|84212338575|84212338572|84212354867|84212338567|84210393570|84210415023|84210442784|84210442785|84210442786|84210307726|84216935653|84219126543|84219120911|84210413036|84216973983|84109143740|84210444643|84212160142|84210304651|84212179636|84212155175|84212155176|84212208720|84212219364|84212221945|84210442787|84212160140|84210445593|84212160141|84212146900|84219224416|84212289715|84212351307|84212199389|84212158682|84109182792|84212298308|84212218391|84212365785|84212199390|84212158683|84109164213|84212162534|84212298309|84219229004|84212444362,2026-05-02T07:26:07.921Z
36,53907,875,E90N,E90N 316d N47,e90n-316d-n47-51866,1220810,03_2749,SNAP-IN ADAPTER FOR SAMSUNG DEVICES,03_2753,https://www.realoem.com/bmw/enUS/showparts?id=PR31-EUR-06-2009-E90N-BMW-316d&diagId=03_2753,18,14,18,backfilled,84212357439|84212338575|84212338572|84212354867|84212338567|84210393570|84210415023|84210442784|84210442785|84210442786|84210307726|84216935653|84219126543|84219120911|84210413036|84216973983|84109143740|84210444643|84212160142|84210304651|84212179636|84212155175|84212155176|84212208720|84212219364|84212221945|84210442787|84212160140|84210445593|84212160141|84212146900|84219224416|84212289715|84212351307|84212199389|84212158682|84109182792|84212298308|84212218391|84212365785|84212199390|84212158683|84109164213|84212162534|84212298309|84219229004|84212444362,2026-05-02T07:26:25.018Z
36,53908,875,E90N,E90N 316d N47,e90n-316d-n47-51866,1220813,03_2754,"SNAP-IN ADAPTER, SONY ERICSSON DEVICES",03_2754,https://www.realoem.com/bmw/enUS/showparts?id=PR31-EUR-06-2009-E90N-BMW-316d&diagId=03_2754,13,0,13,backfilled,84212151735|84219147614|84219116566|84210445594|84210442788|84212151736|84210439152|84212155174|84219122423|84210445595|84212151737|84212146901|84219215648,2026-05-02T07:26:25.219Z
36,53913,875,E90N,E90N 316d N47,e90n-316d-n47-51866,1220809,03_2747,SNAP-IN ADAPTER - REMINDER,03_2771,https://www.realoem.com/bmw/enUS/showparts?id=PR31-EUR-06-2009-E90N-BMW-316d&diagId=03_2771,5,1,5,backfilled,84202349318|84212365783|84212449963|84212449993|61122287221|84212412967,2026-05-02T07:26:31.717Z
36,53914,875,E90N,E90N 316d N47,e90n-316d-n47-51866,1220810,03_2749,SNAP-IN ADAPTER FOR SAMSUNG DEVICES,03_2759,https://www.realoem.com/bmw/enUS/showparts?id=PR31-EUR-06-2009-E90N-BMW-316d&diagId=03_2759,15,30,15,backfilled,84212357439|84212338575|84212338572|84212354867|84212338567|84210393570|84210415023|84210442784|84210442785|84210442786|84210307726|84216935653|84219126543|84219120911|84210413036|84216973983|84109143740|84210444643|84212160142|84210304651|84212179636|84212155175|84212155176|84212208720|84212219364|84212221945|84210442787|84212160140|84210445593|84212160141|84212146900|84219224416|84212289715|84212351307|84212199389|84212158682|84109182792|84212298308|84212218391|84212365785|84212199390|84212158683|84109164213|84212162534|84212298309|84219229004|84212444362,2026-05-02T07:26:36.018Z
36,53915,875,E90N,E90N 316d N47,e90n-316d-n47-51866,1220816,03_2775,BMW CLICK & DRIVE SYSTEM,03_2775,https://www.realoem.com/bmw/enUS/showparts?id=PR31-EUR-06-2009-E90N-BMW-316d&diagId=03_2775,9,0,9,backfilled,65902343876|65902406452|65902406734|65412346596|65902406733|65902347722|65902347725|65902352228|65902352233,2026-05-02T07:26:39.217Z
36,53916,875,E90N,E90N 316d N47,e90n-316d-n47-51866,1220817,03_2778,UPGRADE KIT HANDS-FREE BLUETOOTH OPT644,03_2778,https://www.realoem.com/bmw/enUS/showparts?id=PR31-EUR-06-2009-E90N-BMW-316d&diagId=03_2778,1,0,1,backfilled,84640398229|84640398228|61120426970|01290396439,2026-05-02T07:26:39.619Z
36,53919,875,E90N,E90N 316d N47,e90n-316d-n47-51866,1220815,03_2774,BMW CLICK & DRIVE SYSTEM,03_2774,https://www.realoem.com/bmw/enUS/showparts?id=PR31-EUR-06-2009-E90N-BMW-316d&diagId=03_2774,7,0,7,backfilled,65902343876|65902406452|65902347722|65902347725|65902352228|65412346596|65902352233,2026-05-02T07:26:45.418Z
36,53920,875,E90N,E90N 316d N47,e90n-316d-n47-51866,1220817,03_2778,UPGRADE KIT HANDS-FREE BLUETOOTH OPT644,03_2779,https://www.realoem.com/bmw/enUS/showparts?id=PR31-EUR-06-2009-E90N-BMW-316d&diagId=03_2779,3,1,3,backfilled,84640398229|84640398228|61120426970|01290396439,2026-05-02T07:26:45.922Z
36,53921,875,E90N,E90N 316d N47,e90n-316d-n47-51866,1220818,03_2813,BASE HANDS-FREE SYSTEM WITH BLUETOOTH,03_2813,https://www.realoem.com/bmw/enUS/showparts?id=PR31-EUR-06-2009-E90N-BMW-316d&diagId=03_2813,3,0,3,backfilled,84640441949|84132210463|84109215184,2026-05-02T07:26:49.718Z
36,53924,875,E90N,E90N 316d N47,e90n-316d-n47-51866,1220821,03_2961,SUPPRESSION FILTER,03_2961,https://www.realoem.com/bmw/enUS/showparts?id=PR31-EUR-06-2009-E90N-BMW-316d&diagId=03_2961,2,0,2,backfilled,61350421886|61138364566,2026-05-02T07:26:54.718Z
36,53925,875,E90N,E90N 316d N47,e90n-316d-n47-51866,1220819,03_2944,BATTERY CHARGER,03_2944,https://www.realoem.com/bmw/enUS/showparts?id=PR31-EUR-06-2009-E90N-BMW-316d&diagId=03_2944,8,0,8,backfilled,61432289103|61432289105|61432334068|61432408592|61432408593|61132155164|61131378108|61131376204|77028540818|61432166103,2026-05-02T07:26:56.418Z
36,53926,875,E90N,E90N 316d N47,e90n-316d-n47-51866,1220822,03_2970,JUMPER CABLE,03_2970,https://www.realoem.com/bmw/enUS/showparts?id=PR31-EUR-06-2009-E90N-BMW-316d&diagId=03_2970,2,0,2,backfilled,83310148279|83310153163,2026-05-02T07:26:59.818Z
36,53928,875,E90N,E90N 316d N47,e90n-316d-n47-51866,1220819,03_2944,BATTERY CHARGER,03_2973,https://www.realoem.com/bmw/enUS/showparts?id=PR31-EUR-06-2009-E90N-BMW-316d&diagId=03_2973,4,8,2,backfilled,61432289103|61432289105|61432334068|61432408592|61432408593|61132155164|61131378108|61131376204|77028540818|61432166103,2026-05-02T07:27:04.018Z
36,53929,875,E90N,E90N 316d N47,e90n-316d-n47-51866,1220825,03_3533,RETROFIT BMW APPS WITH CIC,03_3533,https://www.realoem.com/bmw/enUS/showparts?id=PR31-EUR-06-2009-E90N-BMW-316d&diagId=03_3533,0,0,0,parser_drift,,2026-05-02T07:27:09.224Z
36,53931,875,E90N,E90N 316d N47,e90n-316d-n47-51866,1220823,03_2981,ELECTRONIC LOG BOOK,03_2981,https://www.realoem.com/bmw/enUS/showparts?id=PR31-EUR-06-2009-E90N-BMW-316d&diagId=03_2981,5,0,5,backfilled,62202223761|62200441109|62200445457|62202155452|65902220228,2026-05-02T07:27:09.818Z
36,53933,875,E90N,E90N 316d N47,e90n-316d-n47-51866,1220824,03_3477,"RETROFIT KIT, VOICE INPUT",03_3477,https://www.realoem.com/bmw/enUS/showparts?id=PR31-EUR-06-2009-E90N-BMW-316d&diagId=03_3477,1,0,1,backfilled,65902327760|65902163073|84316938762|61120396159,2026-05-02T07:27:10.918Z
36,53935,875,E90N,E90N 316d N47,e90n-316d-n47-51866,1220826,03_3534,BMW CAR HOTSPOT,03_3534,https://www.realoem.com/bmw/enUS/showparts?id=PR31-EUR-06-2009-E90N-BMW-316d&diagId=03_3534,1,0,1,backfilled,84212349325|84212414469,2026-05-02T07:27:14.618Z
36,53938,875,E90N,E90N 316d N47,e90n-316d-n47-51866,1220824,03_3477,"RETROFIT KIT, VOICE INPUT",03_3536,https://www.realoem.com/bmw/enUS/showparts?id=PR31-EUR-06-2009-E90N-BMW-316d&diagId=03_3536,3,1,3,backfilled,65902327760|65902163073|84316938762|61120396159,2026-05-02T07:27:17.918Z
36,53939,875,E90N,E90N 316d N47,e90n-316d-n47-51866,1220826,03_3534,BMW CAR HOTSPOT,03_3540,https://www.realoem.com/bmw/enUS/showparts?id=PR31-EUR-06-2009-E90N-BMW-316d&diagId=03_3540,1,1,1,backfilled,84212349325|84212414469,2026-05-02T07:27:18.319Z
36,53940,875,E90N,E90N 316d N47,e90n-316d-n47-51866,1220826,03_3534,BMW CAR HOTSPOT,03_4067,https://www.realoem.com/bmw/enUS/showparts?id=PR31-EUR-06-2009-E90N-BMW-316d&diagId=03_4067,1,1,0,clean,84212349325|84212414469,2026-05-02T07:27:18.718Z
36,53944,875,E90N,E90N 316d N47,e90n-316d-n47-51866,1220828,03_5069,"NAVIGATION MAP UPDATE, MOTION WEST",03_5069,https://www.realoem.com/bmw/enUS/showparts?id=PR31-EUR-06-2009-E90N-BMW-316d&diagId=03_5069,0,0,0,parser_drift,65902465031,2026-05-02T07:27:31.218Z
36,53948,875,E90N,E90N 316d N47,e90n-316d-n47-51866,1220828,03_5069,"NAVIGATION MAP UPDATE, MOTION WEST",03_5070,https://www.realoem.com/bmw/enUS/showparts?id=PR31-EUR-06-2009-E90N-BMW-316d&diagId=03_5070,0,0,0,parser_drift,65902465031,2026-05-02T07:27:37.818Z
36,53949,875,E90N,E90N 316d N47,e90n-316d-n47-51866,1220830,03_5086,"NAVIGATION MAP UPDATE, PREMIUM EAST",03_5086,https://www.realoem.com/bmw/enUS/showparts?id=PR31-EUR-06-2009-E90N-BMW-316d&diagId=03_5086,0,0,0,parser_drift,,2026-05-02T07:27:39.318Z
36,53951,875,E90N,E90N 316d N47,e90n-316d-n47-51866,1220828,03_5069,"NAVIGATION MAP UPDATE, MOTION WEST",03_5085,https://www.realoem.com/bmw/enUS/showparts?id=PR31-EUR-06-2009-E90N-BMW-316d&diagId=03_5085,0,0,0,parser_drift,65902465031,2026-05-02T07:27:41.718Z
36,53952,875,E90N,E90N 316d N47,e90n-316d-n47-51866,1220828,03_5069,"NAVIGATION MAP UPDATE, MOTION WEST",03_5082,https://www.realoem.com/bmw/enUS/showparts?id=PR31-EUR-06-2009-E90N-BMW-316d&diagId=03_5082,1,0,1,backfilled,65902465031,2026-05-02T07:27:41.918Z
